version_id,lang_code,lang_name,country,abbr,has_text,version_title
3421,abm,Abanyom,NG,ABM,true,Abanyom LP New Testament Portions
3971,abr,Abron,CI;GH,BBTP,true,Apam Foforɔ
2632,abn,Abua,NG,ẠḌI,true,Ạḍinya Iigbia
3381,mgj,Abureni,NG,MGJ,true,Abureni
559,ach,Acholi (Acoli),SS;UG,Aco85,true,Acoli Baibul
1707,fub,Adamawa Fulfulde,CM;ER;ET;NG;SD;TD,داَ,true,دٜڢْتٜرٜ اَللَّه ڢُلْڢُلْدٜ عَدَمَوَ
2265,ada,Adangme,GH,Dangme,true,BAIBLO ALOO NGMAMI KLƆUKLƆU Ɔ
2322,ada,Adangme,GH,DAN77,true,Somi He Ɔ
4465,kad,Adara,NG,KAD,true,Eda
4667,ade,Adele,GH;TG,ADE,true,Adele Old Testament
2185,adh,Adhola,KE;UG,DHOCDC,true,KITAWO MALEŊ Catholic
2186,adh,Adhola,KE;UG,DHOPE,true,KITAWO MALEŊ
1462,adj,Adioukrou,CI,adj,true,Adioukrou
3170,aar,Afar,DJ;ER;ET,NKM,true,NABUWWA KEE MALIKWA
2,afr,Afrikaans,BW;MZ;NA;ZA;ZM;ZW,ABA,true,Bybel vir almal
5,afr,Afrikaans,BW;MZ;NA;ZA;ZM;ZW,AFR53,true,Afrikaans 1933/1953
6,afr,Afrikaans,BW;MZ;NA;ZA;ZM;ZW,AFR83,true,Afrikaans 1983
50,afr,Afrikaans,BW;MZ;NA;ZA;ZM;ZW,DB,true,Die Boodskap
117,afr,Afrikaans,BW;MZ;NA;ZA;ZM;ZW,NLV,true,Nuwe Lewende Vertaling
3499,afr,Afrikaans,BW;MZ;NA;ZA;ZM;ZW,AFR20,true,Die Bybel 2020-vertaling
3660,afr,Afrikaans,BW;MZ;NA;ZA;ZM;ZW,CAB23,true,Contemporary Afrikaans Bible 2023
4384,afr,Afrikaans,BW;MZ;NA;ZA;ZM;ZW,PWL,true,PWL Druk Weergawe (Siries)
4401,afr,Afrikaans,BW;MZ;NA;ZA;ZM;ZW,SPC,true,PWL in Standaard Protestantse Canon
2620,agq,Aghem,CM,agq,true,To kə Kəzə̀ kə̀ Fughu ko
4444,afo,Ajiri,NG,ETP,true,Eloyi New Testament
4255,idc,Ajiya,NG,IDC-NG,true,Ajigha NT Portion
2094,aka,Akan,GH;TG,ASNA,true,Asante Twi Nkwa Asɛm
336,bss,Akoose,CM,bss,true,Melɛ̌ Mékɔ̄ɔ̄lē
4138,alw,Alaba-K’abeena,ET,hlb,true,Halaba New Testament
4445,ala,Alago,NG,ALA,true,OKOYI PEPE
3383,alf,Alege,NG,ALF,true,Alege LP NT Portions
1487,ald,Alladian,CI,ƐAA03,true,Ɛmɛẅi ankà ankrànkràn 2003
4443,aab,Alumu-Tesu,NG,Abt,true,Arum New Testament
2916,alz,Alur,CD;UG,AB1970,true,"The Holy Bible In Alur (Lur), Revised Orthography"
4356,rwm,Amba,CD;UG,KWAMBA,true,"Matayo, Bikoluwa ndia Bhakwenda"
1260,amh,Amharic,DJ;ET,NASV,true,አዲሱ መደበኛ ትርጒም
3198,amh,Amharic,DJ;ET,አማ05,true,አማርኛ አዲሱ መደበኛ ትርጉም
3199,amh,Amharic,DJ;ET,መቅካእኤ,true,መጽሐፍ ቅዱስ - (ካቶሊካዊ  እትም - ኤማሁስ)
3200,amh,Amharic,DJ;ET,አማ2000,true,የአማርኛ መጽሐፍ ቅዱስ (ሰማንያ አሃዱ)
3867,amh,Amharic,DJ;ET,አማ54,true,መጽሐፍ ቅዱስ (የብሉይና የሐዲስ ኪዳን መጻሕፍት)
4362,aqk,Aninka,NG,AQK,true,Aninka NT Portion
3201,anu,Anuak,ET;SS,AnyuB,true,Wëël Jwøk
2168,cko,Anufo,BJ;GH;TG,cko,true,Nyεmε Jɔrε Kadasi
1731,any,Anyin,CI;GH,any,true,The Agni Sanvi NT of Côte d’Ivoire
3193,arq,"Arabic, Algerian",DZ;MA;TN,جزائري,true,العهد الجديد باللهجة الجزائرية
4090,apd,"Arabic, Sudanese",CF;EG;ER;ET;LY;SD;TD,APD2024,true,كِتاب العَهد الجَّديد مِن الكِتاب المُقَدَّس
3321,apd,"Arabic, Sudanese (Latin)",CF;EG;ER;ET;LY;SD;TD,APD1927,true,Ingīl Marqus 1927
3401,apd,"Arabic, Sudanese (Latin)",CF;EG;ER;ET;LY;SD;TD,APD1978,true,Kitaab al Vahd aj Jadid 1978
4379,pga,"Arabic, Sudanese Creole",SS,KMAJ,true,Kitab al Mukadas ma Arabi Juba
2341,luc,Aringa,SS;UG,LUC,true,Ị́jọ́ Úꞌdí rĩ
3887,luc,Aringa,SS;UG,LUC,true,Bụ́kụ̃ Ị́jọ́ ụ̃kụ rĩ agá tõwú rĩ kî
4377,luc,Aringa,SS;UG,ARINGA,true,Bĩbĩliyã Ị́jọ́ Úꞌdí rĩ drị̂ ãzíla bụ́kụ̃ ãzí Ị́jọ́ Ụ̃kụ rĩ agá rĩ kí abe
3036,asa,Asu (Tanzania),KE;TZ,CHSUNT67,true,Chasu New Testament 1967
4447,auh,Aushi,CD;ZM,ABT,true,Aushi Bible Translation
1982,avn,Avatime,GH,avn,true,KUNYANYA VUVU YƆ
1766,avu,Avokaya,CD;SS,avu,true,Tã-drı̣̃ Lẽlẽ Óꞌdí Óvârí Kâ
3005,azo,Awing,CM,azo,true,Əka yi Fîə
1138,bba,Baatonum,BJ;NG,BAR,true,Bibeli Gusunɔn Gari
1983,bbk,Babanki,CM,bbkDBLnt,true,The New Testament in the Babanki language
2795,bcy,Bacama,NG,BCYMRK,true,Lemefeme da Yesu Kristo.  Markus 1915 (Bacama)
3705,bcy,Bacama,NG,bcy,true,Ɓwaatiye New Testament
4719,bwt,Bafaw-Balong,CM,bwt,true,Bafaw New Testament
876,ksf,Bafia,CM,BAFNT,true,Bafia Nouveau Testament
2147,bfd,Bafut,CM,BFD,true,Ǹtoò Kristo yî Ǹsɨgɨ̀nǝ̀: mɨ̀kàà yî mfiì
1557,bsp,Baga Sitemu,GN,KKK,true,Kitabu ka Kanu
4082,bcz,Bainouk-Gunyaamolo,GM;GW;SN,GD,true,Gúloku Díino
4064,bsw,Baiso,ET,BayNTEth,true,አማቶ ኦኡሱብ
4068,bsw,Baiso,ET,BayNT,true,Ammato O?usub
1563,bdh,Baka (Sudan),CD;SS,bdh,true,Mɨkánda Lorụ ꞌBɨ Lomo Kɨ́ Dosị́ Éyị́ E
3330,bkh,Bakoko,CM,NTB,true,Esaa-líat ɛ́ péná
4150,bjw,Bakwé,CI,Bakwé,true,"Kuö Dëdrä, Jenɛɛsë, Rutë"
2513,bcn,Bali (Nigeria),NG,bcnNT,true,Wale ɗi Kpan Ɓisuwi Waltamne ɗa nye Maya
4346,biz,Baloi,CD;CG,BIZ,true,Bibliya Mosantu Baloi
2348,bmo,Bambalang,CM,bmo,true,Ŋwaʼaŋlɨ Kɨǹ a Fhi
3828,bax,Bamun,CM,bax,true,Bamun - 1988 CAM (NT) Non Drama
4363,bvm,Bamunka,CM,bvm,true,Ŋwɔʼnə-Məŋkaa-Fefe
1767,bcw,Bana,CM,bcw,true,Zliya Yǝwǝn kwǝma wǝzǝ naa dzǝkǝn Yesǝw Kǝristǝw
3068,lnl,"Banda, South Central",CD;CF,lnl,true,Mbëtï Ndjapä: TÄFO MADƗ̈
4561,liy,Banda-Bambari,CF,liy,true,Banda-Linda NT
2827,bza,Bandi,GN;LR;SL,KNNT,true,Kɛ́lɛ Niinaí
1300,bqj,Bandial,SN,bqjDBL2,true,bqj Firim fafu fal Aláemit
3431,bni,Bangi,CD;CF;CG,BANGI,true,"Mbengu Etemu, Mabandela, Nzembo, Bantete 1916"
4567,bnx,Bangubangu,CD,bnx,true,Bangubangu Traduction
1643,bci,Baoulé,CI,BLNT74,true,Nyanmien nde Ufle
3080,bci,Baoulé,CI,BB98,true,NYANMIƐN NDƐ'N 1998
2666,bfa,Bari,SS;UG,BBE,true,"Bibilia, Buk na Ŋun nagon koti luŋu a"
2631,bzw,Basa,NG,RBT,true,UTAKADA TIJILO
4402,buj,Basa-Gurmana,NG,Baa,true,Bassa (akwaromba)
3171,bst,Basketo,ET,ኦጫ̈ቃማ,true,ኦራ ጫ̈ቃ ማጻ̈ፋ
2826,bsq,Bassa,LR;SL,ƁB02,true,Ɓǎsɔ́ɔ̀ Báɓòɔ̀
4672,bej,Bedawiyet,EG;ER;SD,BEJA,true,Ugalad Ugayi
331,bjv,Bedjond,TD,bjvNT,true,KƗLӘ-MƗNDƗ KƗ SƗGƗ
1445,bjv,Bedjond,TD,bjvDBL,true,bjv Makɨtɨbɨ lə Luwə kɨ ta Nangɨnda
812,beq,Beembe (Congo),CG,MW2013,true,Musamu Wamubwete 2013
4757,beq,Beembe (Congo),CG,ATBABC,true,Ancien Testament Beembe ABC
3972,bkv,Bekwarra,NG,BKV,true,Bewkwarra Bible OT Portions
3501,bkw,Bekwel,CG;CM;GA,bkwNT,true,Ɛbhɛŋ ɛ na Bes
1097,bem,Bemba (Zambia),BW;CD;MW;ZM,ILL15,true,Ishiwi Lyakwa Lesa 2015
3037,bez,Bena (Tanzania),TZ,II,true,Itesamende Imya
3349,bez,Bena (Tanzania),TZ,BEZ,true,ULufingo uLupiya
4455,egm,Benemanga,TZ,NTBnBL2025,true,Benamanga
1591,bom,Berom,NG,bomBI,true,Bwok-basa Dagwi wuna-na-sira roso tanga pas
4546,btt,Bete-Bendi,NG,KUIL,true,Igie Likpa
3849,beh,Biali,BF;BJ;TG,beh,true,"Biali - WBT (NT, GEN) Drama"
3850,beh,Biali,BF;BJ;TG,beh,true,"Biali - WBT (NT, GEN) Non Drama"
1748,bim,Bimoba,GH;TG,bim,true,Yennu Gbouŋ Mɔɔr
1838,bim,Bimoba,GH;TG,BIM,true,Yennu Gbounpaauŋ Mɔɔr
3052,bfo,"Birifor, Malba",BF;CI;GH,BNT93,true,A NAAŊMƖN PƲLƖ̃-TA-PAALAA
1751,bib,Bissa,BF;CI;GH;TG,bib,true,"Wosoci Gu̳aasi̳babaa Daa, Nouveau Testament en Bissa"
4364,bvw,Boga,NG,BVW,true,Boga New Testament Portion
3380,bux,Boghom,NG,BUX (Boghom),true,BUX (Boghom) NT Portions
1155,bqc,Boko (Benin),BJ;NG,Boo2024,true,Boko Bible 24
3085,bus,Bokobaru,BJ;NG,BBB,true,Bokobaru Bible
3077,bky,Bokyi,CM;NG,BKY,true,Bokyi Bible
4372,bou,Bondei,TZ,NTBBL2025,true,Bondei
3816,bui,Bongili,CG,BUI1947,true,Mina ma Nzambe 1947
3252,bwo,Borna,ET,BrnNTLtn,true,Handr Taara
4358,zbu,Bu (Bauchi State),NG,zbu,true,Bu New Testament
4464,jid,Bu (Kaduna State),NG,BUU,true,Buu New Testament
381,box,Buamu,BF;ML,box,true,Dónbeenì páaníi fĩnle vũahṹ
3507,buu,Budu,CD,BudKoya,true,Agɔmɔ ngia wʉ Ɨtakɨ-takɨ
3919,buu,Budu,CD,buuN,true,Mʉkpanganɨa nɔ Agɔmɛ ɔ Ɨtakɨtakɨ
3282,ked,Bukerebe (Kerebe),TZ,KED1946,true,Omulago Muhya 1946 (Kikahindurwa mu Kikerewe)
2654,bxk,Bukusu,KE;UG,LUBUKUSU,true,EBIBILIA ENDAKATIFU
2658,bxk,Bukusu,KE;UG,LUBUKUSU,true,EBIBILIA ENDAKATIFU DC
2176,bwu,Buli (Ghana),GH,BWU,true,WEN GBAŊKA
2586,buy,Bullom So,GN;SL,BUY1816,true,Book Hoa Matthew 1816
2587,buy,Bullom So,GN;SL,BUYBCP,true,Bullom So Prayer Book Selections 1816
856,bum,Bulu (Cameroon),CM,BULU09,true,Bible en langue Bulu
3293,bum,Bulu (Cameroon),CM,BDCB,true,Kalate Zambe Nnomo a Mfefe Mfefé Nkôñelan
2175,bmv,Bum,CM,bmv,true,Ŋwàklù Fùyèn Kàn Mù Fê (Cameron)
2536,bwr,Bura-Pabir,NG,KNB,true,KAKAƊU NA ƁƊAKKARKARA
1032,ffm,Burkina Faso Fulfulde,BF;CI;GH;ML;MR;NE,FBFNT,true,"Fulfulde Burkina, Dewtere Laamɗo Amaana Keso"
2304,bds,Burunge,TZ,bds,true,Ila⁄imbidu Gu  ⁄abu hari Burungaisoo
3084,bqp,Busa,NG,BB2005,true,Bisã Bible 2005
4515,bhs,Buwal,CM,BHS,true,Ɗerewel mala Laŋkan ma Mewe
4568,byi,Buyu,CD,byi,true,Buyu Traduction
3692,bwj,"Bwamu, Láá Láá",BF,bwj,true,Buamu Laa
4373,bwc,Bwile,CD;ZM,BBT,true,Bwile Bible Translation
4606,bev,"Bété, Daloa",CI,BNT96,true,Bete New Testament
3837,btg,"Bété, Gagnoa",CI,btg,true,Nouveau Testament bété de Gagnoa
3284,bet,"Bété, Guiberoua",CI,bet,true,BdG2
3862,bng,Bɛŋga,GA;GQ,BNG1895,true,"Biblia Benga 1895, 1926"
3529,cky,Cakfem-Mushere,NG,Chakfem,true,Chakfem (ckyc)
2226,mcu,Cameroon Mambila,CM;NG,mcu,true,Mambilla NT (Cameroon)
379,cme,Cerma,BF;CI,cme,true,Diiloŋ-nelma Tobisĩfɛlɛnni
502,shu,Chadian Arabic,CM;NE;NG;TD,ع.د.ت19,true,الكتاب المقدس بالعربي الدارجي هنا تشاد
501,shu,Chadian Arabic (Roman script),CM;NE;NG;TD,ADT19,true,Al-Kitaab al-Mukhaddas be l-arabi al-daariji hana Tchad
4666,cll,Chala,GH,CLL,true,Chala New Testament
2711,dig,Chidigo,KE;TZ,dig,true,Digo Bible
2546,cjk,Chokwe,AO;CD;NA;ZM,CHK1970,true,Mukanda Wa Zambi 1970
3434,cjk,Chokwe,AO;CD;NA;ZM,Csa,true,MUKANDA USANDU WA ZAMBI 1975
2848,cce,Chopi,MZ,BEC2016,true,Bhiblia Yo Sawuleka
437,ncu,Chumburung,GH,ncu,true,Abware̱se̱ŋ Wo̱re̱-ɔ
3695,ckl,Cibak,NG,CKL,true,Kibaku NT
1293,asg,Cishingini,BJ;NG,asgNT,true,Uzuwakpani u Savu n Cishingini; n aba'in a na a Zagbai a Uzukpani u Kuku
4344,asg,Cishingini,BJ;NG,ASG,true,Cishingini Agwara Kambari [asg]
3672,swb,"Comorian, Maore",FR;KM;MG;RE;YT,swb,true,Ha`bari Ndjema ya I Maore
2921,swc,Congo Swahili,CD,SWC02,true,BIBLIA ﻿Maandiko Matakatifu Kwa Watu Wote 2002
2915,cop,Coptic,EG,CNTV,true,العهد الجديد
3461,pov,"Crioulo, Upper Guinea",GM;GW;SN;US,povB,true,BIBLIA - traduson antigu in Krioulo
3331,cuv,Cuvok,CM,CUVnt,true,Ma Majawa Waya
4239,dri,C’lela,NG,driNT,true,Lalks Na'Sila̱ Lalk Gigk Poune C'Lela
2189,dsh,Daasanach,ET;KE;SS,dsh,true,Fayam Midhab Yiesu Kiristoká He Hol Af Iđiny Kaanaká
3933,dbd,Dadiya,NG,DBD,true,Dadiya NT
3053,dgi,"Dagara, Northern",BF;GH,DBDC,true,A SƐB-SÕW
2263,dag,Dagbani,GH;TG,RLDB,true,Naawuni Kundi Kasi
2264,dag,Dagbani,GH;TG,DBwDB,true,Naawuni Kundi Kasi Din Mali Diutɛrɔkanɔnikal Litaafinima
1830,daf,Dan,CI;GN;LR,dnjGW,true,NAƆ ‑SË 'SËËDHƐ
1831,dnj,Dan,CI,dnjBL,true,Dan Blowo (Yacouba) Nouveau Testament
2828,dnj,Dan,CI,DHB,true,Aaɓi Kwì
354,daa,Dangaléat,TD,daa,true,Jamaw ta Marbinto: Kabarre ta Gala ɗo bi ka Iisa Masi iŋ daŋla
1514,tcc,Datooga,TZ,DTGANT09,true,NEAJEEDA EESH BEA BUUNEESSEAN
3050,tcc,Datooga,TZ,BG15,true,Bibliyeeda Ghaydit
342,dwr,Dawro,ET,dwrNT,true,Ooratha Caaquwaa
505,dwr,Dawro,ET,dwrENT,true,Ooratha Caaquwaa
1672,dwr,Dawro,ET,DFBLVL,true,Geeshsha Mas'aafaa
4074,dwr,Dawro,ET,DFBLVL,true,Geeshsha Mas'aafaa
4075,dwr,Dawro,ET,DFBE,true,ጌሻ ማጻፋ
2012,mzw,Deg,CI;GH,mzw,true,mzwDBL
1795,ntr,Delo,GH;TG,ntr,true,WURUBURƐ NOMBIA KPAAKPAA NƆƆKEBAKESEE WƆLE
4673,ntr,Delo,GH;TG,NTR,true,Ntrubo Old Testament
343,anv,Denya,CM;NG,anv,true,Ŋwɛ menomenyɛɛ́ mekɛ́
1890,did,Didinga,SS;UG,did,true,ꞌBuuk cĩ Thõõth cĩ Nyekuci
1511,dur,Dii,CM,DIINT,true,Dii New Testament
242,dik,Dinka Southwestern,SD;SS,DIK,true,Lëk yam
1800,dks,"Dinka, Southeastern",SS,LEKJOT,true,Lek Jot  de Jecu Kritho 1940
2021,dks,"Dinka, Southeastern",SS,DIƐT,true,Diɛt ke Dabid 1956
1598,dyi,Djimini Senoufo,CI,dyiB,true,BIBULU Yɛnŋɛlɛ li Sɛnrɛ
4452,doe,Doe,TZ,DBV,true,Chidowe
4308,uya,Doko-Uyanga,NG,UYA,true,Anwed Daŋaraŋ A-Uwase
4451,dde,Doondo,CD;CG,dde Ddo,true,Musamu Wumbote
880,dow,Doyayo,CM,NTD,true,Nouveau Testament Doyayo
2199,dug,Duruma,KE;TZ,CHIDUR,true,Lagano Iphya
4547,dae,Duupa,CM,dae,true,LUK-MAT Nouveau Testament Duupa
3978,ldb,Duya,NG,DuyaNT,true,Ibibemuwe-Num Iyiki Ifa Ru Dũya
1728,dyu,Dyula,BF;CI;ML,dyu,true,Jula NT of Côte d’Ivoire
1754,dyu,Dyula,BF;CI;ML,AKKDC08,true,ALA KA KUMA
3054,dyu,Dyula,BF;CI;ML,JULNT94,true,LAYIDUKURA
4313,dzn,Dzando,CD,DZN,true,Bibliya e satu Dzando
3902,dnn,Dzùùngoo,BF,BDZU,true,Bible Dzùùngoo Unicode
1941,xrb,Eastern Karaboro,BF;CI,xrb,true,Yãhã Naambiyãrfãn Saba
1680,kqo,Eastern Krahn,CI;LR,TCHKR,true,Kuo :Dele'
2539,igb,Ebira,NG,EBTP,true,IWE ỌNỊNỊ
3031,ebr,Ebrié,CI,ENT96,true,Ebrié New Testament 1996
4338,ebg,Ebughu,NG,EBG,true,Elille Nwed Anin̄ Ahta-Etie
3935,bin,Edo,NG,EDO96,true,Edo Bible (E Baibol Ẹdo) Version 1996
2570,efi,Efik,CM;NG,ENA,true,Edisana ñwed Abasi Ibom
4541,efi,Efik,CM;NG,OOÑE,true,Biblica® Open Oduwem Obufa Ñwed Ediomi
3382,ofu,Efutop,NG,ofu,true,Efutop LP New Testament Portions
2667,ego,Eggon,NG,EGONT74,true,Ohwihwim Olehe
889,etu,Ejagham,CM;NG,ETUNT,true,Ejagham New Testament
1154,eka,Ekajuk,NG,ekaNT,true,Ekajuk New Testament
3992,eka,Ekajuk,NG,EKA-011,true,Ekajuk Scriptures Bible Portions
2771,guz,Ekegusii,KE;TZ,EKEGUSIIBBLE,true,EBIBILIA  ENCHENU
2925,guz,Ekegusii,KE;TZ,EKGE,true,EBIBILIA ENCHENU
2940,guz,Ekegusii,KE;TZ,EKGE,true,EBIBILIA ENCHENU AMO NEBITABU BINDE BI’OKONACHA GWA KABERE
4339,eki,Eki,NG,EKI,true,Edisana Ŋwed Abasi Eki
4454,ekm,Elip,CM,EKM,true,Nouveau Testament Nulibie
2770,ebu,Embu,KE,KKB,true,ÎVUKU RÎA ÛVORO MWARO
2775,ebu,Embu,KE,KKB,true,ÎVUKU RÎA ÛVORO MWARO
3232,ags,Esimbi,CM;NG,Eshimbi,true,Kɔŋu kə Uhumbɔkənə
4283,etb,Etebi,NG,ETB,true,Edisana Nwad Abasi
2722,etx,Eten,NG,etxNT,true,ɛWee ne ìTsɛm iHywas
3934,ich,Etkywan,NG,ICH,true,Etkwen New Testament
4113,utr,Etulo,NG,UTR,true,Etulo NT
1854,ewo,Ewondo,CM,NTE12,true,MKPAMAṄ AMVOE Nouveau Testament en langue Ewondo 2012
1600,eza,Ezaa,NG,Ezaa,true,BAYỊBURU Ẹzaa
2913,fat,Fanti,,MFANBRP,true,BAEBOR
2914,fat,Fanti,,MFANBRPC,true,BAEBOR
1323,gur,Farefare,BF;GH,gurDBL,true,"Farefare, Ninkaré"
3194,gur,Farefare,BF;GH,GBTP,true,ZE'ELEGO PAALEGA
2668,fip,Fipa,MW;TZ,FNT1988,true,UPANGANO UPYA
3981,fir,Firan,NG,FIR,true,Firan NT Portions
813,fon,Fon,BJ;TG,FONDC,true,MAWUXÓWÉMA
817,fon,Fon,BJ;TG,Fon13,true,MAWUXÓWÉMA
1159,fuv,Fulani,CM;NG;TD,fuv,true,"Fulfulde, Nigeria"
2377,fuv,Fulani,CM;NG;TD,fuv,true,اَلْکَوَلْ کٜسَلْ ندٜرْ فُلْفُلْدٜ شَکَ نَاجٜىٰرِيَ
905,fub,Fulfulde (Adamawa),CM;ER;ET;NG;SD;TD,FBDC,true,Fulfulde DC Bible
906,fub,Fulfulde (Adamawa),CM;ER;ET;NG;SD;TD,FB,true,Fulfulde Bible
1373,fuq,Fulfulde (Central-Eastern Niger),ML;NE;NG;TD,fuq,true,Alkawal Kesal
3087,fue,"Fulfulde, Borgu",BJ;NG,GAL,true,Galaatiya
3088,fue,"Fulfulde, Borgu",BJ;NG,BFB,true,Bible Fulfulde Bénin
2355,flr,Fuliiru,BI;CD,flr,true,Kifuliiru
3485,pym,Fyam,NG,PYM : Gam,true,PYAM NT Portions
2708,gaa,Ga,GH,NEGAB,true,ŊMALƐ KRƆŊKRƆŊ LƐ
2712,gaa,Ga,GH,GBV96,true,Ṅmãle̱ Kroṅkroṅ Le̱
3678,gab,Gabri,TD,gab,true,Gabri Maja
434,gmv,Gamo,ET,GM,true,Geeshsha Maxaafa
4041,gmv,Gamo,ET,ጋሞመጽቅበፊደል,true,ጋሞ ማጻፋ
1423,lug,Ganda,UG,LBR,true,"EKITABO EKITUKUVU, BAIBULI"
1625,lug,Ganda,UG,EEEE,true,Endagaano Enkadde n’Endagaano Empya
1829,lug,Ganda,UG,LUG68,true,Ekitabo Ekitukuvu ekiyitibwa Baibuli Endagaano Enkadde n'Empya
2182,lug,Ganda,UG,BIBU1,true,BIBULIYA ENTUKUVU
2804,lug,Ganda,UG,LBwD03,true,Luganda DC Bible 2003
2808,lug,Ganda,UG,LB03,true,Luganda Bible 2003
4516,gou,Gavar,CM,GOU,true,Dzəv ma wiyə
4130,gyl,Gayil,ET,GylNTEth,true,ጋይል አዲስ ኪዳን
4349,gqa,Ga’anda,NG,GQA,true,Ga'anda
1621,gbr,Gbagyi,NG,GAW,true,Alkawali Woiwoyi
4607,gbr,Gbagyi,NG,GNB,true,Gbagyi Nyizeyenya Baibwulu: Shekwoyi Ɓədagbma
4352,gbv,Gbanu,CF,GBANU,true,Écritures en Banou 1939
2522,krs,Gbaya (South Sudan),CF;SD;SS,GBA,true,Ádá ká Mbájá
868,gya,"Gbaya, Northwest",CF;CG;CM;NG,GB11DC,true,Kalata Ko SƆ̧ DC
871,gya,"Gbaya, Northwest",CF;CG;CM;NG,GB11,true,KALATA KO SƆ̧
1367,gso,"Gbaya, Southwest",CF;CM,NTGBY,true,"Takarata pɛ Sɔ, Mbombe Mbon"
3847,sxw,"Gbe, Saxwe",BJ,sxw,true,"Gbe, Saxwe - 2022 WBT (NT) Non Drama"
3177,gez,Ge'ez (Ethiopic).,ER;ET,ሐኪግ,true,ሐዲስ ኪዳን በልሳነ ግእዝ
4442,drs,Gedeo,ET,gdo,true,Woyyichchaa Maxaafa
3622,gyz,Geji,NG,GYZ,true,Geji New Testament Portions
2236,gej,Gen,BJ;TG,GEN,true,GƐ̃GBE BIBLIA 2014
907,bbj,Ghomálá',CM,NTGomala,true,Ghomala New Testament
1120,gid,Gidar,CM;TD,GDRNT85,true,Nouveau Testament en Guidar
3773,gid,Gidar,CM;TD,GB,true,Bible en Guidar
3774,gid,Gidar,CM;TD,GBD,true,Bible en Guidar
1741,acd,Gikyode,GH;TG,acd,true,"GɛnÞ PobÞrÞ, Gɛbono Wurubuaarɛ Gi Yɛgɛ Mɔ-rɛ Anyamesɛ Mɛ Wɔra Mɔ"
4314,gix,Gilima,CD;CF,GIX,true,Mbeti na ndi Gilima
2207,nyf,Giryama,KE,nyf,true,Kilagane Kisha (Kenya)
3476,swj,Gisir (Eshira),GA,SWJ,true,Gisir
2900,toh,Gitonga,MZ,BGG2014,true,Bhibhiliya Nya Guage
2901,toh,Gitonga,MZ,BGE2014,true,Bhibhiliya Nya Guage
3956,glw,Glavda,CM;NG,GLW,true,Glavda NT Portion
3272,god,Godié,CI,god,true,GOD - u2
435,gof,Gofa,ET,gofRNT,true,Ooratha Caaquwa Goofatho
506,gof,Gofa,ET,gofENT,true,ኦራ ጫቁዋ ጎፋ
2344,gof,Gofa,ET,GFBLVF,true,Geeshsha Maxaafa
4044,gof,Gofa,ET,GFBEVF,true,ጌሻ ማፃፋ
3038,gog,Gogo,TZ,GOG91,true,I CILAGANE CIPYA 1991
3039,gog,Gogo,TZ,LLKWW,true,Luganuzi Luswanu Kuli Wanhu Wose 2002
2520,gol,Gola,LR;SL,WFESD,true,WƆŊ FƐ̀Ì EBÒ SÌÀŊ DAYÀA
1729,gjn,Gonja,GH,GJNb,true,EBƆRƐ BE KAWƆL
1173,gqr,Gor,CF;TD,gqr,true,Ta lǝ Luwǝ Kunmindɨ kɨ Sigɨ
3055,gux,Gourmanchéma,BF;BJ;NE;TG,GUX03,true,Gourmanchéma Bible
3056,gux,Gourmanchéma,BF;BJ;NE;TG,BGP,true,U TIENU MAAMA TILI 2013
2829,gbo,"Grebo, Northern",CI;LR,NKWJ,true,Nyesoaa Kuo Win Jajle
1778,gde,Gude,CM;NG,gde,true,Gude: Kura Aləkawalə ŋga Əntaŋfə
3772,gde,Gude,CM;NG,Ruth BGD,true,The  Book or Ruth in Guge
4099,gdf,Guduf-Gava,CM;NG,GDF,true,Gava NT
500,gkp,Guinea Kpelle,GN;LR,KWB,true,Bible
1393,gkp,Guinea Kpelle,GN;LR,BKPDCG,true,Yálá laawoo hɛɓɛ (dc)
1395,gkp,Guinea Kpelle,GN;LR,BKPG,true,Yálá laawoo hɛɓɛ
815,gvl,Gulay,TD,GUL04,true,Nouveau Testament en Gulay 2004
2405,guw,Gun,BJ;NG,BWL23,true,BIBLU WIWE LỌ 1923
1837,rub,Gungu,UG,LUGUNGU,true,Bitabbu bya Ndagaanu Ghyaka na Bitabbu 6 bya Ndagaanu Gi̱gu̱lu̱u̱su̱ (Lugungu)
4737,gpa,Gupa-Abawa,NG,GPA,true,Lìtàfi Lìlitsì Gupa Abawa
3593,goa,Guro,CI,GOURU,true,Kazambale lé Sebe Sauunu 1979
3784,gsl,Gusilay,SN,gsl,true,Gusiilaay
3644,jgk,Gwak,NG,JGK,true,Jarawa
4458,gwn,Gwandara,NG,Gaa,true,Gwandara New Testament
2299,gwr,Gwere,UG,GWR,true,Bbaibbuli y'oLugwere
3498,hdy,Hadiyya,ET,KeesKita,true,KEESAMMI KITAABA
1499,hag,Hanga,GH,hag,true,"Naawun yatogiri, Piiligu gbaŋŋu Selections"
4031,mey,Hassaniyya,DZ;EH;MA;ML;MR;NE;SN,الحسانية,true,الكتاب المقدس بلغة الحسانية
71,hau,Hausa,BF;BJ;CM;NE;NG;TD,HAU,true,Littafi Mai Tsarki
1614,hau,Hausa,BF;BJ;CM;NE;NG;TD,SRK,true,Sabon Rai Don Kowa 2020
3307,hau,Hausa Arabic script,BF;BJ;CM;NE;NG;TD,hauAS,true,أَتَّوْرَتْ دَ أَنَّبَاوَا
4408,hav,Havu,CD,HAV,true,Nouveau Testament Havu
3040,hay,Haya,TZ;UG,RHAY01,true,Ebibulia 2001
1149,xed,Hdi,CM;NG,xed,true,Hdi
1815,heh,Hehe,TZ,HeNT2004,true,Lufingano Lupya
3402,hbn,Heiban (Sudan),SD,HBN,true,Kitham Gina Giyaŋ 1966
3390,her,Herero,AO;BW;NA,HRR-UNI,true,Ombeipera
4460,hoo,Holoholo,BW;CD;ZW,HBT,true,Holoholo Bible Translation
2723,hbb,Huba,NG,hbbNT,true,Taɗər Alkawal Aku Nya Həba
1977,uth,Hun-Saare,NG,uth,true,Mɑ‑to̱ Shir Taku̱rda-o swo̱r o-nu pu̱-o̱
4565,hke,Hunde,CD,HKE,true,Hunde Nouveau Testament
4482,nat,Hungworo,NG,HAA,true,HUNGWARHEA NEW TESTAMENT
3777,hwo,Hwana,NG,HWO,true,Hona Bible
4357,hwo,Hwana,NG,HWO,true,Hona Bible
2521,jab,Hyam,NG,HyamNT,true,Mbyeny Jok Nom di ho Hyam Ham ma̱
2514,cen,Ibaas,NG,IbaasNT,true,Ifɛ ́ Adakunom ni Ibaas Kushi Kufas
4750,cen,Ibaas,NG,CEN,true,Ibaas New Testament Portions
3936,iby,Ibani,NG,IBY,true,Ibani New Testament
2619,ibb,Ibibio,NG,ICB,true,Adisana Ñwed Abasi ke Ikọ Ibibio Ayio Mfịn
4302,ibn,Ibino,NG,IBN,true,Adisana N̄kwed Abasi
3991,bec,Iceve-Maci,CM;NG,Iceve-Maci,true,Iceve
4287,ide,Idere,NG,IDE,true,Edisana Ŋwed Abasi
2537,idu,Idoma,NG,IFBCL,true,Ubáyíbu kú Idɔma
1759,ife,Ifè,BJ;TG,ngl,true,Ifè: Ìwé-Ɔ̀ɖáyé Ìmↄl̀ɛ̀-Ìk̀ã́ã̀nyì
2615,igl,Igala,NG,IGL70,true,O̩TAKADA O̩LA O̩JO̩ 1970
77,ibo,Igbo,NG,IGBOB,true,Bible Nso
1624,ibo,Igbo,NG,BIU,true,Baịbụlụ Nsọ nʼIgbo Ndị Ugbu a
2538,ige,Igede,NG,IBNO,true,IBAYỊBỤỤ NYA OHE OLUHYE
3066,ikk,Ika,NG,ikkBI,true,Ika
3880,ikz,Ikizu,TZ,IKZ,true,Ʉbhʉragɨ Ubhuhya
3274,ntk,Ikoma-Nata-Isenye,TZ,ntk,true,Eriiraghano Eriihë
3937,ikv,Iku-Gora-Ankwa,NG,ikv-NG,true,Ehua
1190,ikw,Ikwere,NG,ikwNT,true,Tẹsitamenti Ikne n'Ọnu Ikwere
1599,iqw,Ikwo,NG,Ikwo,true,BAYỊBURU Ikwo
888,ilb,Ila,ZM,ILL,true,Izwi lya Leza
3096,llb,ILolo,MW;MZ,iLolo,true,Mazu Otchena a Mulungu
3041,irk,Iraqw,TZ,IQWNT,true,Ya/abtór hho' 1977
3308,irk,Iraqw,TZ,IRQW,true,Biblía Axweesantá Hhohho' ar Mungú 2004
1832,iri,Irigwe,NG,iriNT,true,'Jee Hwi na Krre̱de̱ Be̱ne̱ a zhi Rigwe
4609,iri,Irigwe,NG,IRI,true,Rigwe Bible
4558,isn,Isanzu,TZ,IBV,true,Isanzu
3334,szv,Isu,CM,isu,true,Isu New Testament
4290,itw,Ito,NG,ITW,true,Adisana Ŋwed Abasi Ito
4289,itm,Itu Mbon Uzo,NG,ITM,true,Edisana Ŋwed Abasi
350,atg,Ivbie North-Okpela-Arhe,NG,atgNT,true,Ebe-No-Pfuasẹ Ishobọ Onogbọ
2070,izr,Izere,NG,izrNT,true,Izere New Testament
1601,izz,Izii,NG,Izii,true,BAYỊBURU Izii
3455,jer,Jere,NG,JER,true,Azelle New Testament Portions
2396,jib,Jibu,NG,Jib,true,Jibu
2238,jit,Jita,TZ,KIJ1960,true,INDAGANO INYA:YA
3689,jit,Jita,TZ,jit,true,Indagano Inyaaya mu-Chijita
3396,kaj,Jju,NG,kaj,true,Jju
1549,csk,Jola-Kasa,GM;GW;SN,cskDBL,true,Jola-Kasa
3776,jow,Jowulu,BF;ML,JOB,true,Jɔ Biibili ki
4080,jum,Jumjum,SD;SS,JBT,true,Meeŋka Jooŋ
1744,bex,Jur Modo,SS,BEK,true,Buku ꞌba Tisaki ni Tɔdɔ to Lömu Laꞌja ꞌBa Yësu Kurïsïtö Ŋere Ze
2023,gna,Kaansa,BF,gna,true,Kaansa NT (Ghana)
1485,ksp,Kaba,CF;TD,kspDBL,true,Maketuru le Lubba ke tar kabba
2818,ksp,Kaba,CF;TD,KabbaDkS,true,Dɔnɔn kə̂ Siki: Tar kə̂ aw arə təbbə
555,kbp,Kabiyè,BJ;GH;TG,KABI,true,New Testament
3256,cwa,Kabwa,TZ,Kabwa,true,Eriragano Erihya
4409,kab,Kabyle,DZ,TiIq,true,Bible Kabyle révisée
2763,kbr,Kafa,ET,KBRC,true,Kafa Linguistics Project
1508,kki,Kagulu,TZ,DDKWW,true,Dilagano Disha ku Wanhu wose
1768,kkj,Kako,CF;CG;CM,kkj,true,Kako
3362,keo,Kakwa,CD;SS;UG,KNT77,true,Kakwa New Testament 1977
2540,ijn,Kalabari,NG,KBTP,true,FỊAFỊA BAỊBỤLỤ
860,kck,Kalanga,BW;ZA;ZW,KBTP,true,BHAIBHILI Yakayengemala
4466,kck,Kalanga,BW;ZA;ZW,KTP,true,Kalanga Translation Project
1585,kln,Kalenjin,KE,KAPR,true,Bukuit Ne Tilil
1586,kln,Kalenjin,KE,KALDC,true,BUKUIT NE TILIIL Sireet ne Dutero Kanon
2927,kln,Kalenjin,KE,BUKUIT,true,BUKUIT NE TILIL
2772,kam,Kamba (Kenya),KE,Mbivlia,true,Mbivilia
2773,kam,Kamba (Kenya),KE,KAMBA,true,MBIVILIA ŨVOO MŨSEO
2774,kam,Kamba (Kenya),KE,KAMBA,true,YÎ NA MAVUKU MA NDIŨTELOKANONI
3958,ktb,Kambaata,ET,XuMats,true,Xummaanchu Matsaafa
4559,kcu,Kami,TZ,KBV,true,Kami
4739,kmi,Kami,NG,KMI,true,Lìtàfi Lìlitsì Kami
3938,kcq,Kamo,NG,KCQ,true,Kamo New Testament
3982,kni,Kanufi,NG,KNI,true,Kanufi NT Portions
2955,kqn,Kaonde,CD;ZM,KNTP,true,KNTP
2742,kzr,Karang,CM;TD,SIAFNK,true,Sal in a foyu ke nzak karaŋ
2695,kbn,Kare,CF;CM,KBN1947,true,Féké Testament 1947
2018,krx,Karon,GM;SN,KRX,true,Hilim ha hiti Pútuun pa
1303,xsm,Kasem,BF;GH,xsmDBL,true,xsm Wɛ Tɔnɔ dɩ kasɩm
3661,xsm,Kasem,BF;GH,KBG,true,Wɛ Tɔnɔ
2494,xtc,Katcha-Kadugli-Miri,SD,Katcha,true,TIMIꞌDI TUMMA MA ꞌBÏTÏNGNGÖ NJA RAWUS NJA YÜNAN
4317,kel,Kela,CD,KEL,true,Bibele end'ekila
1496,khy,Kele (Democratic Republic of Congo),CD,NTKE58,true,Le Nouveau Testament in Kele (Lokele) 1958
2052,kbo,Keliko,CD;SS;UG,kbo,true,Keliko
1158,kyq,Kenga,TD,kyq,true,Kenga
388,ken,Kenyang,CM,ken,true,Kenyang
2610,xnz,Kenzi Nubian,EG;LY,XNZ1912,true,Enjil Yesu 1912 (4 Gospels in Nubian Kenuzi)
3118,ker,Kera,CM;TD,KERNT05,true,JAA TƏMARWAŊ
4467,kcv,Kete,CD,KBT,true,Kete Bible Translation
548,naq,Khoekhoe,BW;NA;ZA,KKG20,true,Khoekhoegowab 2020
3494,naq,Khoekhoe,BW;NA;ZA,KKG20,true,Khoekhoegowab Elobmîs 2020
1201,kik,Kikuyu,KE,GKN,true,Kĩrĩkanĩro Gĩa Gĩkũyũ
1202,kik,Kikuyu,KE,GKNDC,true,Kĩrĩkanĩro Gĩa Gĩkũyũ
1622,kik,Kikuyu,KE,GKY,true,"Kiugo Gĩtheru Kĩa Ngai, Kĩrĩkanĩro Kĩrĩa Gĩkũrũ Na Kĩrĩa Kĩerũ"
2926,kik,Kikuyu,KE,OGKBIBLE,true,IBUKU RĨRĨA ITHERU RĨA NGAI
810,kia,Kim,TD,FGN2013,true,Fare Ge Ndwara
3248,kia,Kim,TD,kiaGRB,true,Wa tii vwalla ge jin̰al
4469,kiv,Kimbu,TZ,NTKIBL2025,true,Kimbu
2669,kmb,Kimbundu,AO;CD,KMB80,true,O Mikanda Ikola
1612,kqp,Kimré,TD,kqpNT,true,Kimré
2929,mer,Kimîîru,KE,KIMERUBIBLE,true,NTETO INJEGA CIA MURUNGU KIRI ANTU BONTHE
2942,mer,Kimîîru,KE,KIMERUBIBLE,true,NTETO INJEGA CIA MURUNGU KIRI ANTU BONTHE CATHOLIC EDITION
1493,nnb,Kinandi (Ndandi),CD;UG,NTN62,true,Nouveau Testament et Psaumes en Ndandi Version 1962
1833,nnb,Kinandi (Ndandi),CD;UG,KB80,true,AMASAKO ABOYTRTRE WA NYAMUHANGA AWAKAHULAWA MO BIBLIA
2312,zga,Kinga,MW;TZ,zga,true,ɄTesitamenti ʉMpya mu nzovele jya Kɨkɨnga
3098,zga,Kinga,MW;TZ,Kinga,true,UTESITAMENTI UMPYA
2789,xnj,kiNgoni,TZ,Ngoni,true,Ngoni Old Testament
4118,xnj,kiNgoni,TZ,NG1898,true,Ivangeli lika Marko 1899
2542,okr,Kirike,NG,OBTP,true,Kịrịkẹnị Baịbụl
3976,fkk,Kirya-Konzel,NG,FKK,true,Fali Mijilu kirya NT Portions
1394,kqs,Kissi,GN;LR;SL,BKG,true,BII BILA
4086,mkw,Kituba,CG,BNT,true,BIBILIYA NA KITUBA
1491,ktu,Kituba (Democratic Republic of Congo),CD,NTK50,true,Le Nouveau Testament en Kikwango 1950
2830,klu,Klao,LR;SL,NYSWN,true,Nyesoa‑a̍ Win
3759,kib,Koalib,SD,KIB1967,true,Ṯikiṯaḏiza Ṯiaŋ 1967
3509,kmw,Komo,CD,KMW,true,Ɔngana á Kɛ̌kɛ
1150,xon,Konkomba,GH;TG,xonB,true,Uwumbɔr aagbaŋ
1460,xon,Konkomba,GH;TG,KUGL,true,UWONBƆR A GBƆNPƆŊ LIKƆƆNL
2421,kma,Konni,GH,KMA,true,Ŋmiŋ Nʋahaaliŋ Gbaniŋ Kɔmiŋ
2946,kno,Kono (Sierra Leone),GN;SL,KONONT,true,Yataa 'a Dɔbɛnɛ Nama
3977,kxc,Konso,ET,MaQu,true,Mataafa Qulqulloota
4119,koo,Konzo,CD;UG,KOO1914,true,Enjiri Nkokuyahandikawa Marako 1914
4240,koo,Konzo,CD;UG,KOO1978,true,Nyamuhanga Akatsangira Oyukatsira 1978 (Luke 15)
2387,ozm,Koonzime,CM,ozm,true,Kálar Nzyɛ̌m : Ejwán é Sáá
2388,ozm,Koonzime,CM,ozmBad,true,Kálara Zyɛ̌m Edwán é mpʉ̌n
3178,kqy,Koorete,ET,KilleC,true,Kille Caaqo
2696,koq,Kota (Gabon),CG;GA,KOQ1938,true,Mark añgw’a téndé 1938
3473,koq,Kota (Gabon),CG;GA,KOQ,true,Kota Kiwoyeti (koq) NT Portions
2646,eko,Koti,MZ,eko,true,Hapari Zooshapweya
1139,kyf,Kouya,CI,kyf,true,Kouya
1465,ses,Koyraboro Senni Songhai,ML;NE,ses,true,Songhai de Gao Bible
4319,kpl,Kpala,CD;CF,KPL,true,Mbeti na nzlele Kpala
2948,kri,Krio,GM;GN;SL;SN;US,KRIO13,true,Krio Fɔs Oli Baybul
469,kua,Kuanyama,AO;NA,OKYB,true,Ombibeli Iyapuki
1441,kdi,Kumam,UG,BILK13,true,Baibuli I Leb Kumam 2013
2676,kdi,Kumam,UG,BILKDC13,true,Baibuli I Leb Kumam 2013
2240,kdn,Kunda,MZ;ZM;ZW,KUNDA,true,Bhukhu la Kuyamba
1178,xuo,Kuo,CM;TD,xuo,true,Kuo
4753,kpz,Kupsapiiny,KE;UG,Pāyipiriit,true,Pāyipiriit nyēē Tiliil
4365,krh,Kurama,NG,KRH,true,Akurumi NT Portion
2947,knk,Kuranko,GN;SL,KCLB,true,ALLALA KUMƐ
1814,kuj,Kuria,KE;TZ,EE95,true,Endagano Ehea 1995
3187,kuj,Kuria,KE;TZ,KURBIBLE,true,IBHIBHURIA ËNHOREERU ËNO ËNA IBHITABHÖ BHIA TEUTUROKANONIKO
3188,kuj,Kuria,KE;TZ,KURBIBLE,true,IBHIBHURIA ËNHOREERU
3752,kus,Kusaal,BF;GH;TG,kus_gh,true,GH
2071,kub,Kutep,CM;NG,kubNT,true,Kutsingken Ira Rimam ti Saen Kyag
1226,kdc,Kutu,TZ,King'hutu,true,Biblia Kikutu
4359,khj,Kuturmi,NG,KHJ,true,Kuturmi NT Portion
3697,cwt,Kuwaataay,SN,cwt,true,Kwatay (Kuwaataay)
4235,kwn,Kwangali,AO;NA,KWN,true,The Bible in Rukwangili 1987 (Namibia)
3681,kya,Kwaya,TZ,kya,true,Iimuuma Iinyaaya
1125,cwe,Kwere,TZ,Ching'hwele,true,Biblia Ching'hwele
3781,cwe,Kwere,TZ,Kwere,true,Lagano da Sambi kwa Wanhu Wose
2067,lap,Laka (Chad),CF;TD,KL1960,true,Testament ke Siki 1960 (Kabba Laka)
3156,lap,Laka (Chad),CF;TD,lap,true,Mbede Lə Luba Kone Gə Sigi
2451,leb,Lala-Bisa,CD;ZM,LalaNT,true,Chipangano Chabwangu
3721,lla,Lala-Roba,NG,LLA,true,Lala NT
947,lam,Lamba,CD;ZM,AAL59,true,Amashiwi Aba Lesa
1607,lai,Lambya,MW;TZ;ZM,LMBNT2016,true,Ulufingo Ulupya
4154,lai,Lambya,MW;TZ;ZM,LMB2024,true,IBAYIBOLO 2024
4449,bma,Lame,NG,Laa,true,Lamma Bible Translation Project
3583,lns,Lamnso’,CM;NG,LNB,true,ŊWÀʼ NYÙY
3766,lag,Langi,TZ,LAG,true,Mʉháko Mufya
472,laj,Lango (Uganda),UG,La79,true,Lango New Testament
1974,laj,Lango (Uganda),UG,Lango,true,BUK OBAŊA ACIL AME OLWOŊO NI BAIBUL AME OGEO LOKO I LEB LAŊO
2470,lro,Laro,SD,Laru,true,Laru
4474,ldk,Leelau,NG,MLP,true,MUNGA TRANSLATION PROJECT
1497,lgm,Lega-Mwenga,CD,NTKI57,true,Nouveau Testament en Kilega
2442,lef,Lelemi,GH;TG,lef,true,Katɔti Ɔku Kedee
552,leh,Lenje,ZM,BBBLI,true,Baibo Busansulushi Bwa Libuku Ili
1479,xpe,Liberia Kpelle,GN;LR,KWB,true,Ŋ̀âla Kɔlɔ Maa Waai
4321,liz,Libinza,CD,LIZ,true,Bibiliya E Santu Libinza
2382,lik,Lika,CD,lik,true,AGɄMƐ WAMBƗYA
4320,lie,Likila,CD,LIE,true,Bibliya Mosantu Likila
1240,lmp,Limbum,CM;NG,LNT,true,Limbum New Testament
1964,lin,Lingala,CD;CF;CG,MNB,true,Mokanda na Bomoi
1294,loq,Lobala,CD;CG,loqDBL,true,Lobala NT
3594,lob,Lobi,BF;CI;GH,LOBIRI,true,Thãgbaa Ʋlfɛ Pha 1985
1834,log,Logoti,CD;SS,log,true,BÚKÙ TÀ TƗ́DHƗ́//RU YÌZO DHƗ ÀDHYA
2802,log,Logoti,CD;SS,LOG,true,Tandu tani adea ngoro ta tišile Marako tini. Tandu tani adea ngoro ta tišile Matayo tini.
1456,lom,Loma (Liberia),GN;LR,DN1971,true,DEƲE NIINƐI
3244,ngl,Lomwe,MW;MZ,NGL1930,true,Nlakano Nahihano ni Masalmo 1930
3325,lon,"Lomwe, Malawi",MW;MZ,MW2019,true,Mawu a Mulluku
4394,lnz,Lonzo,CD,LNZ,true,Bibidi di Longo
825,loz,Lozi,BW;NA;ZM;ZW,Lozi09,true,Bibele ye Kenile (Catholic Edition)
2918,lua,Luba-Lulua,AO;CD,TSH96,true,MUKANDA WA MYIDI MUKULU
2919,lua,Luba-Lulua,AO;CD,TSH,true,Mukanda wa Nzambi Dihungila Dikulukulu ne Dihungila Dihia-dihia 2003
4534,kcc,Lubila,NG,kcc,true,Lubila
2970,lgg,Lugbara,CD;UG,LB66,true,E’yo Siza Alatararu Munguniri BIBLIA
915,ruf,Luguru,TZ,LBV,true,Laghano Lya Sambi Kwe Iwanu Wose
2887,rag,Lulogooli,KE;TZ,MBE,true,KITABU KITAKATIFU
2888,rag,Lulogooli,KE;TZ,LOGOOLI,true,KITABU KITAKATIFU
2493,lmd,Lumun,SD,Lumun,true,LON ILOPOROT LOKAPIK NATHAM NꞌREK NNONATHAM NOMAꞌROT
4053,luj,Luna,CD,Luna_NT,true,Disambi Dipyadipya
4476,luj,Luna,CD,KPBT,true,Kuba Project Bible Translation
3090,lun,Lunda,AO;CD;ZM,MW62,true,MUKANDA WANZAMBI
3305,lun,Lunda,AO;CD;ZM,MWW04,true,Mukanda Wajila Wanzambi
1810,luo,Luo (Kenya and Tanzania),KE;TZ,DHO15,true,MUMA MALER 2015
2652,luo,Luo (Kenya and Tanzania),KE;TZ,MLM,true,Motingʼo Loko Manyien
2677,lue,Luvale,AO;ZM,LUE70,true,Luvale Bible 1970
3089,lue,Luvale,AO;ZM,LUE,true,Chilongeslo-Chalushiko-Lwakalunga Chachihya
1783,lwo,Luwo,SS,lwo,true,Luwo
4077,lyn,Luyana,AO;NA;ZM,lyn,true,Luyana Bible Translation
1772,lee,Lyélé,BF,lee,true,Lyélé
2796,mhi,Ma'di,SS;UG,MHIRuth,true,Waraga Ruti Dri 1938
1688,mdy,Maale,ET,ጌኤ.ማፃ,true,ጌኤዦ ማፃኣፖ
1689,mdy,Maale,ET,MNT,true,Maale New Testament
1175,ffm,Maasina Fulfulde,BF;CI;GH;ML;MR;NE,ffm,true,Aadi keyri: linjiila iisaa almasiihu
3093,ffm,Maasina Fulfulde,BF;CI;GH;ML;MR;NE,FBF,true,Dewtere Laamɗo Fulfulde Burkina Faso
2697,mfz,Mabaan,SD;SS,MFZ1947,true,Juɛl a pwɔdɛn tɛ Mak 1947
3042,jmc,Machame,TZ,MASNT00,true,Kyaasa Kiiya
3043,jmc,Machame,TZ,MAS2,true,BIBILLYA Mareiyo Meele a Iruva
1802,mda,Mada (Nigeria),NG,MadaNT,true,Rɛn Kpan Nyu Suswɛ
908,maf,Mafa,CM;NG,MAFNT,true,Mofa New Testament
4071,maf,Mafa,CM;NG,MOF89,true,Ma Zhiklè
3167,mxx,Mahou,CI;GN,MXX,true,Mahou
3180,mpe,Majang,ET,KSTM,true,Kuumeet Sinɔ Tɔɔnuk Ad Majaŋeeroŋk
1143,mcp,Makaa,CM,mcp,true,Makaa
1673,mgh,Makhuwa-Meetto,MZ;TZ,MOT,true,Makua Bible Version
2761,mgh,Makhuwa-Meetto,MZ;TZ,NNI,true,Nleehano Nonaanano Imeetto; Moçambique
3013,vmk,Makhuwa-Shirima,MW;MZ,VMK2021,true,Emakhuwa Bible
1174,kde,Makonde,MZ;TZ,kde,true,Ibibiliya mu Shimakonde Imbodi Yaambi na dimbande dya Imbodi Yakala
2375,kde,Makonde,MZ;TZ,Chimakonde,true,Bibiliya ya Chimakonde
96,plt,Malgache,MG,MG1865,true,Malagasy Bible
384,plt,Malgache,MG,DIEMDC,true,Dikateny Iombonana Eto Madagasikara
396,plt,Malgache,MG,DIEM,true,DIEM PROTESTANTA
814,plt,Malgache,MG,MBC,true,Baiboly Katolika
873,plt,Malgache,MG,MBP,true,Baiboly Protestanta Malagasy
1219,plt,Malgache,MG,MRV,true,La Bible en Malgache
3103,plt,Malgache,MG,BPFF,true,Baiboly Protestanta Malagasy 2011
2566,mgq,Malila,TZ,Malila,true,ULufingo uLupwa
1140,myk,Mamara Senoufo,BF;ML,mykNTpo,true,Mamara
1756,mgr,Mambwe (ichi-): Lungu,TZ;ZM,MamL13,true,Amazwi Yakwe Leza 2013
1784,maw,Mampruli,GH;TG,maw,true,Mampruli
3684,mgs,Manda (Tanzania),MW;TZ,MGS1937,true,Kilagano kya hino 1937
3758,mgs,Manda (Tanzania),MW;TZ,MGSPSA,true,Zaburi sya Daud 1913 (Tanzania)
3208,mnk,Mandinka,GM;GN;GW;SN,MNKBI,true,Mandinka Bible
3251,mfv,Mandjak,GM;GW;SN,KPKNT,true,KARÚK-PËRIM KAWALU Nouveau Testament
2074,kby,Manga Kanuri,NE;NG,KBY,true,Linjila
2565,mge,Mango,TD,mngNT,true,Ta lə Lubə Kunmindɨ kɨ́ Sigɨ
1214,knf,Mankanya,GW;SN,knf,true,Mankanya
2831,mev,Mano,CI;GN;LR,MNT,true,Wè-dɔ-wè Dɛɛ
2832,mev,Mano,CI;GN;LR,MHB,true,Wálà Kìì
3590,mzj,Manya,GN;LR,MBT2023,true,Ala Ya Salatikan Kula Kitabu
855,mpg,Marba,TD,BA,true,Bible azumeina
4083,mfm,Marghi South,NG,mfmTNT,true,Ndǝshiguˈyar Foɗǝu Ənga Thlǝr Camaˈyar
2183,myx,Masaaba,KE;UG,LPE,true,Ibayibuli Ingwalaafu
2184,myx,Masaaba,KE;UG,LCE,true,Ibayibuli Ingwalaafu
1816,mas,Masai,KE;TZ,MBS,true,Biblia Sinyati
3044,mas,Masai,KE;TZ,MAS70,true,Osotua Ng'ejuk
3063,mas,Masai,KE;TZ,BIBLIACATHO,true,BIBLIA SINYATI TE NKUTUK OO LMAASAI NATISIRAKI ENG'EJUK NAATA MBUKUI E DITROKANONI
3064,mas,Masai,KE;TZ,BIBLIAPRO,true,BIBLIA SINYATI TE NKUTUK OO LMAASAI NATISIRAKI ENG'EJUK
3310,mas,Masai,KE;TZ,SINYATI,true,BIBLIA SINYATI
557,mcn,Masana,CM;TD,Massana,true,BIBALDA TA PELDETTA
3749,mho,Mashi,AO;NA;ZM,mho,true,Mashi
4481,mho,Mashi,AO;NA;ZM,MBTP,true,Bassa (Methew)
2205,mfh,Matal,CM,mfh,true,Wakità Zəzagəla Wakità Aŋa Makəs Vok Slawda Mawga (Cameroun)
3941,mgv,Matengo,TZ,MaBV,true,Matengo Bible Version
2363,mgw,Matumbi,TZ,Matumbi,true,Matumbi is Lilaganu Lyayambi’
344,mfe,Mauritian,MU,NTKM2009,true,Nouvo Testaman dan Kreol Morisien
3312,mfe,Mauritian,MU,KMNT,true,Nouvo Testaman Kreol Morisien Harmonisation NTPS KM
3313,mfe,Mauritian,MU,KMOTPOR,true,Kreol Morisyen OT Portions
2648,mdm,Mayogo,CD,mdm,true,Gandja na Mbɨa
4353,snm,"Ma’di, Southern",UG,MADI-URL,true,Búkù Eꞌyo Oꞌdɨ nɨ vɨɨ alóo ɨnɨ Búkù Yona nɨ vɨɨ be
4475,lnb,Mbalanhu,NA,MBTP,true,Mbalanhu Bible Translation Project
444,myb,Mbay,CF;NG;TD,MB80,true,BIBLE MBAÏ 1980
3108,myb,Mbay,CF;NG;TD,MlL,true,Maktub Ta Kumkajir
4354,mfo,Mbe,NG,mfo-latn,true,Mbembe Okohm
3388,mfn,"Mbembe, Cross River",NG,mfn,true,Ofonokpan LP NT Portions
4477,mfn,"Mbembe, Cross River",NG,mfn-x-os,true,Mbembe Osopong
4478,mfn,"Mbembe, Cross River",NG,mfn-x-ad,true,Mbembe Adun [mfn]
3474,mdt,Mbere,CG;GA,MDT,true,Obamba Kiwoyeti (mdt) NT Portions
4519,xmd,Mbudum,CM,xmd,true,Nouveau Testament Mbudum
4480,mhd,Mbugu,TZ,NTMBL2025,true,Mbugu
456,mqb,Mbuko,CM,MQB,true,Aban 'am wiya awan
3922,mhw,Mbukushu,AO;BW;NA;ZM,MHW1986,true,Testamende Ghomupya Nopisalemi 1986
1835,mbu,Mbula-Bwazza,NG,mbu,true,Maləmce Məfele mala Ɓakuli: Kurcau Məbəshe
4399,mbu,Mbula-Bwazza,NG,mbu,true,Mbula-Bwazza
627,mck,Mbunda,AO;ZM,MBB,true,Livulu lya Shukulu Kalunga
4479,mgy,Mbunga,TZ,NTMbBL2025,true,Mbunga
3294,byv,Medumba,CM,BMa,true,NTSHOB NSI
4133,mfx,Melo,ET,MeloNTL,true,Oroth Caaqo
4134,mfx,Melo,ET,MeloNTEth,true,ኦሮ ጫቆ
2950,men,Mende,GN;LR;SL,RMB,true,Mende Bible Portions
2951,men,Mende,GN;LR;SL,MENNT,true,Ngowili Yekpei Numu Kpɛlɛɛ Va
4520,xmg,Mengaka,CM,XMG,true,Nouveau Testament Mengaka
1168,meq,Merey,CM,meq,true,Merey
2179,mgo,Meta',CM,mgo,true,Meta’
3235,mgo,Meta',CM,MBTP,true,Ikan feg
2999,mmy,Migaama,TD,mmy,true,Migaama
3630,mkf,Miya,NG,MKF,true,Miyawa
1104,soy,Miyobe,BJ;TG,SNT,true,Nkomine Fal Ritɛlɛ́
4518,mmu,Mmaala,CM,MMU2,true,Numala2
3233,bfm,Mmen,CM,bfm,true,Ŋwàʼlè ə̀ Fèzhə̀ Mkâyn Mə̂ Fèm
2237,mfq,Moba,BF;GH;TG,MOBANT07,true,Yiesu Lɑbɑmɑnn Muɑl Ni
3097,old,Mochi,TZ,KIM2,true,Bibilia Kui Mdedie fo Kimochi
1785,mif,Mofu-Gudur,CM,MFI,true,Mofu-Gudur
4517,mif,Mofu-Gudur,CM,MIFU,true,Bible Mofu Gudur
2049,mfg,Mogofin,GN,MOG,true,Ala la kitabuenu Mɔgɔfin kuma tɔ
1034,mkl,Mokole,BJ,MKL,true,Bibeli do fee
3234,bri,Mokpwe,CM,bri,true,Mokpwe: Bakwery (New Testament)
4710,mlw,Moloko,CM,Mlk,true,Nouveau testament Moloko
1495,lol,Mongo,CD,NTMN58,true,BONKANDA WA NZAKOMBA W’AEYOKO
2917,lol,Mongo,CD,LOL87,true,BONKANDA WA NZAKOMBA
4526,lol,Mongo,CD,lol,true,Lokonda
2551,mnh,Mono,CD;CF,mnh,true,TAFO AYO
3456,mtl,Montol,NG,MTL,true,Tel NT Portions
558,ary,Moroccan Arabic,DZ;EH;MA,MSTD,true,الترجمة المغربية القياسية
3655,ary,Moroccan Arabic,DZ;EH;MA,ary,true,Northern Mor N T
1377,mgc,Morokodo,SS,MKD,true,Morokodo
1217,mos,Mossi,BF;CI;GH;ML;TG,SSDC98,true,SEBR SÕNGO
3057,mos,Mossi,BF;CI;GH;ML;TG,MOONT98,true,KÃAB-PAALGÃ KOE-NOOGO
3058,mos,Mossi,BF;CI;GH;ML;TG,MPBU,true,WẼNNAAM SEBRE 2014
1855,mug,Mousgoum,CM;TD,MUSGUM,true,Ɗû na sɗik na wiini Alaw
3973,mpa,Mpoto,MW;TZ,OTMpBL2020,true,Chimpoto
3584,mgg,Mpumpong,CG;CM,MPU,true,Myēnj phōn mí Zɛɛ̄mb
2433,moz,Mukulu,TD,moz,true,Mattup ki Taasuwa ere Aware
2069,mzm,Mumuye,NG,mzmNT,true,Nyaa Shɔɔ Ɓɔɔ Laa a Ɓɛɛ
863,mua,Mundang,CM;TD,MUAR,true,Bible Moundang
2208,mnf,Mundani,CM,mnf,true,Mundani
2383,mur,Murle,ET;SS,mur,true,Murle
1130,mse,Musey,CM;TD,BMS,true,Boy Lonana
1142,muy,Muyang,CM,muy,true,Ma Mʉweni Sulumani ge Melefit
4100,sur,Mwaghavul,NG,SUR-x-MUPUN,true,Manji Yiljep
1789,moa,Mwan,CI,moa,true,-JAN ꞌNRALE- ꞌSƐWƐ
1148,wmw,Mwani,MZ,wmwBI,true,Mwani
2370,mwe,Mwera (Chimwera),TZ,Shimwela,true,Malagano ga Ambi
2877,mws,Mwimbi-Muthambi,KE,LUKA,true,NTETO ĨMBEGA TA BŨRĨA YANDĨKIRWE NĨ LUKA
3438,mye,Myene,GA,MYE,true,Bibili 1927 (Omyene)
3542,tnr,Ménik,SN,BNT,true,Gakayiti an Urün aŋ
1792,muh,Mündü,CD;SS,muh,true,Mündü
3340,jbn,Nafusi,LY;TN,KTJT,true,كتب تمازغت توتنسية
4462,jbn,Nafusi,LY;TN,IGJ,true,Injiyl g Jerbi
4463,jbn,Nafusi,LY;TN,IGSJ,true,Injiyl g Silha Jbali
4487,nmq,Nambya,BW;NA;ZM;ZW,LTP,true,Nambya Translation Project
4592,nmq,Nambya,BW;NA;ZM;ZW,NMQMRK,true,Marko 1961
1136,nhr,Naro,BW;NA,NNT,true,Ka̱bas Qae-xg'ae sa
3848,ntm,Naténi,BJ,ntm,true,"Naténi - WBT (NT,GEN,EXO) Non Drama"
1836,naw,Nawuri,GH,naw,true,Nawuri
3726,ncr,Ncane,CM,ncr,true,Nchane (Ncane)
2523,ndh,Ndali,MW;TZ,Ndali,true,ULwitikano uLupya
1038,ndj,Ndamba,TZ,NdBV,true,Lilaghanu lya shonu
4484,ndj,Ndamba,TZ,OTNdambBL,true,Ndamba
1694,ndc,Ndau,MZ;ZW,Ndau,true,Bhaibheri Rakachena muChindau
3767,ndc,Ndau,MZ;ZW,CINDAU NT,true,NOVO TESTAMENTO EM NDAU
3422,ndd,Nde-Nsele-Nta,NG,NDD Nta,true,Nde-Nsele-Nta LP NT Portions
3996,ndd,Nde-Nsele-Nta,NG,NDD-011,true,Nde
3940,dne,Ndendeule,TZ,NdeBV,true,Ndendeule
2805,ndp,Ndo,CD;UG,Kebu,true,E’di Mikindi Le’bura
4323,ndw,Ndobo,CD,NDW,true,Bibliya Mosantu Ndobo
3994,nbb,Ndoe,NG,NBB,true,Ndoe
1793,ndz,Ndogo,SS,ndz,true,Ndogo
3974,njd,Ndonde Hamba,TZ,NTNHBL,true,Ndondehamba
372,ndo,Ndonga,AO;NA,ONDB,true,Ombiimbeli Ondjapuki
4439,dno,Ndrulo,CD,NDRULO,true,Ndrulo Ruta ndèymí njàddí Lò-tdey tsò gbádha mí bǔkù nà
2574,ndv,Ndut,SN,NDV,true,Séréel Ndút
4375,nww,Ndwewe,TZ,NTNBL2025,true,Ndwewe New Testament
3273,ney,Neyo,CI,NEY,true,Neyo
516,sba,Ngambay,CM;NG;TD,SBA2015,true,Maktub gə́ To gə Kəmee
1492,nxd,Ngando (Democratic Republic of Congo),CD,BBY62,true,Bokanda Bona Yakomba Bon’ototo
474,gng,Ngangam,BJ;GH;TG,gngNT,true,Ngangam
2920,nga,Ngbaka,CD;CF;CG,NGB,true,WE NU GALE 1995
3582,nge,Ngemba,CM,MNT,true,Mɨkan wu Fi
3332,ngj,Ngie,CM,NGI,true,Aŋwaʼanayn Uso Fey
299,nnh,Ngiemboon,CM,NGBM,true,Nouveau Testament en Ngienboum
4488,nnh,Ngiemboon,CM,nnh,true,Ŋwàʼne Ssé
1674,nnq,Ngindo,TZ,NNQNT,true,Ngindo New Testament
1431,niy,Ngiti,CD;UG,NIY,true,UNGBÒTA-ƆWɄ́TÁ TƆ́ BHǓKÙ
2621,jgo,Ngomba,CM,JGO,true,Kɑɑ Fí
3008,nla,Ngombale,CM,NLA,true,Kaa Shwî
1490,ngc,Ngombe (Democratic Republic of Congo),CD;CF,NTNG61,true,Nouveau Testament en Ngombe 1961
4524,ngc,Ngombe (Democratic Republic of Congo),CD;CF,ngc,true,Miwera
4525,ngc,Ngombe (Democratic Republic of Congo),CD;CF,ngc,true,Bodjenga NT and OT
4527,ngc,Ngombe (Democratic Republic of Congo),CD;CF,ngc,true,Bondjale
4576,noq,Ngongo,CD,noq,true,BIBLE EN KINGONGO
1043,ngp,Ngulu,TZ,NgBV,true,Ndagano mp'ya kwa wanth'u wose
4535,ngp,Ngulu,TZ,NguuBV,true,Kingulu
4622,ngz,Ngungwel,CG,ngz,true,Ondoo b'Alili b'Engnungwel
3236,ngn,Ngwo,CM,nbt,true,Aŋwɛʼrɛ Ebuumu Fe Nè Ngwe
2803,kdj,Ng’akarimojong,KE;SS;UG,NIB2008,true,Ebaibul
3729,nie,Niellim,TD,nie,true,Ɛrgɨ Ɓani
1813,nim,Nilamba,TZ,KNT09,true,LYAGO NIPIA MPOLA NANZIIZA KU ANTU TŨLŨ Kuntambo ya Kĩnilyamba 2009
367,nin,Ninzo,NG,ninNT,true,Ungbamvu Ku Abachi Azhi Ahe̲he̲ Ka
4066,nkn,Nkangala,AO,nkn,true,Nkangala Bible Translation
4597,nkn,Nkangala,AO,NNTZ,true,Nkangala New Testament Zambia
4300,nkz,Nkari,NG,NKZ,true,Nsasana Ŋwed Idem-Mbubod
255,nko,Nkonya,GH,nko,true,Bulu Ntam Pɔpwɛ mʋ́a Israel Ɩlʋ
3091,nka,Nkoya,ZM,LLK,true,Libuka Lya Kuyela
3296,nka,Nkoya,ZM,KK2008,true,Kulimama Kwakupya
3995,nbp,Nnam,NG,NBP,true,Nnam
2598,fia,Nobiin (Nòbíín),EG;SD,FIA1885,true,"Iṅǵīl Yesū El-Messīhnilin, Markosin Fāyisīn Nagittā 1860"
1775,lem,Nomaande,CM,lem,true,Nomaande
1646,snf,Noon,SN,SNFDBL,true,Noon
461,nhu,Noone,CM,nhu,true,Noone
551,mfk,North Mofu,CM,MOF,true,MEY HAYNA WAYNA MA YEZU KRISTE MA MEVEY
1626,nde,North Ndebele,BW;ZM;ZW,BEN,true,IBhayibhili Elingcwele LesiNdebele
4087,nde,North Ndebele,BW;ZM;ZW,BE1978,true,iBhayibhili Elingcwele 1978
2152,dip,Northeastern Dinka,SD;SS,dip-JPB,true,JAM DE NHIALIC 2011
3711,tng,Northern Gabri,TD,TNG1978,true,Kebu go dore go herua 1978
2682,ngb,Northern Ngbandi,CD;CF,NGB87,true,Fana Ngbangɔ 1987
564,nse,Nsenga,MZ;ZM;ZW,GMN,true,Uthenga Uweme wa Yesu Kristu Wolembewa na Maliko
1308,nse,Nsenga,MZ;ZM;ZW,GMN,true,Chinsenga New Testament
3614,nse,Nsenga,MZ;ZM;ZW,MA23,true,Mapangano Alomba 1923
2235,bud,Ntcham,GH;TG,BASSARDC,true,UNIMBƆTI NYƆƆBUNDI GBƆŊKU
4528,nto,Ntomba,CD,nto,true,Lontomba
4293,kcn,Nubi,CD;KE;SS;UG;US,KCN,true,Baibuli Alnedif Nubi
2155,nus,Nuer,ET;SS,nusNHB,true,RUAC KUƆTH IN RƐL RƆ
2624,yas,Nugunu,CM,YAS,true,Nogálɔ ná mammana ya Gɛɔyɔ
4483,nbr,Numana-Nunku-Gbantu-Numbu,NG,NAA,true,Numana New Testament
2386,nwb,Nyabwa,CI,nwbNT,true,Nyaboa (Nyabwa)
2326,nyy,Nyakyusa-Ngonde,MW;TZ,NYAK,true,Ʉlwitɨkano Ʉlʉpya
2399,nyy,Nyakyusa-Ngonde,MW;TZ,NYB96,true,Biblia Umwikemo 1996
2683,nyy,Nyakyusa-Ngonde,MW;TZ,NYY,true,Nyakyusa Ngonde New Testament (Ulwitikano Ulupya)
4049,nyy,Nyakyusa-Ngonde,MW;TZ,NNBII,true,BAIBULO INONGWA INUNU
4492,nyy,Nyakyusa-Ngonde,MW;TZ,SSTP,true,Sukwa Bible Translation
4575,nle,Nyala,KE,LNTPP,true,ENDAKAANO EMBIAKHA ESABURI NENDE ENGANO
3231,mwn,Nyamwanga,MW;TZ;ZM,WWN82,true,WAKALATA WANO WALI
3046,nym,Nyamwezi,TZ,Nym51,true,Nyamwezi New Testament 1951
4660,nym,Nyamwezi,TZ,Nyam,true,Bibliya Ki'nyamwezi
4564,nyj,Nyanga,CD,nyj,true,TRADUCTION BILBE EN KINYANGA
2989,nyb,Nyangbo,GH,nyb,true,Nyangbo New Testament
4674,nyb,Nyangbo,GH,NYB,true,Nyagbo Old Testament
1068,nya,Nyanja,MW;MZ;SZ;TZ;ZM;ZW,BLP-2018,true,Buku Lopatulika
1618,nya,Nyanja,MW;MZ;SZ;TZ;ZM;ZW,CCL,true,Mawu a Mulungu mu Chichewa Chalero
2972,nya,Nyanja,MW;MZ;SZ;TZ;ZM;ZW,BLY-DC,true,Buku Loyera Catholic Edition - Chichewa
4491,nya,Nyanja,MW;MZ;SZ;TZ;ZM;ZW,NTNYBL2025,true,Nyanja
4767,nya,Nyanja,MW;MZ;SZ;TZ;ZM;ZW,BLY,true,Buku Loyera Chichewa Bible
1434,nyn,Nyankole,RW;TZ;UG,RR64,true,Baibuli Erikwera
2996,nyn,Nyankole,RW;TZ;UG,RKK2008,true,EKITABO EKIRIKWERA BAIBULI N'EBITABO EBY'OMUBONANO  APOKURUFA/DYUTROKANONIKO
301,rim,Nyaturu,TZ,RNT,true,Kirimi New Testament
3369,rim,Nyaturu,TZ,RIMRC,true,Kirimi Interconfessional Bible
3045,nih,"Nyiha, Tanzania",MW;TZ;ZM,NYi1965,true,Tesitamenti Umupwa 1965
3145,nih,"Nyiha, Tanzania",MW;TZ;ZM,nih,true,ULufingwi uLupwa
2332,nuj,Nyole,UG,NUJ,true,Endagaano Epyaha mu Lunyole
4121,nuj,Nyole,UG,NUJ,true,Endagaano Epyaha ko n'ebitabo ebindi eby'Endagaano Ekayire mu Lunyole
2882,nyd,Nyore,KE,EBAIBO,true,EBAIBO INZIENUKHU
2515,nyo,Nyoro,UG,BRR64,true,Bible in Runyoro-Rutooro 1964 Version
2806,nyo,Nyoro,UG,BRR2008,true,Ekitabu Ekirukwera N'Ebitabu Ebyeetwa Deturokanoniko/Apokurifa
2347,nyu,Nyungwe,MW;MZ;ZW,NYNT,true,ciNyungwe Bibliya
4325,nzd,Nzadi,CD,NZD,true,Mosantu biblia Nzadi
2717,nzi,Nzima,CI;GH,NB,true,BAEBOLO﻿ ANZƐƐ﻿ BULUKU NWUANZANWUANZA
4529,nzi,Nzima,CI;GH,ONEN,true,Biblica® Open Ngoane Edwɛkɛ Ne
1582,ann,Obolo,NG,ANNa,true,Ikpa Mbuban Eyi Katolik
1587,ann,Obolo,NG,Obolo,true,Ikpa Mbuban
2269,odu,Odual,NG,OḌU,true,Ooḅi Adōm Aghuḍum
2622,oku,Oku,CM,oku,true,Ŋwaale Feyin; Kelek Kefɛɛ
3430,iko,Olulumo-Ikom,NG,Olulumo-Ikom,true,Nkome LP NT Portions
3993,iko,Olulumo-Ikom,NG,Olulumo-Ikom,true,Olulumo
4569,oml,Ombo,CD,oml,true,Ombo Traduction
3949,omi,Omi,CD,omi,true,Omi Traduction 2
1556,bsc,Oniyan,GN;GW;SN,BSCDBL,true,Akayëta and eter ekaŝax aŋ. Akayëta Añanar aŋ
4274,orx,Oro,NG,ORX,true,Oro Elile n̄wid Abazi
3173,gax,"Oromo, Arsi",ET;KE;SO,WLNT,true,WAADAA LAMMATAA
3174,gax,"Oromo, Arsi",ET;KE;SO,ArsiDNT,true,Waadaa Haarawa
3497,gax,"Oromo, Arsi",ET;KE;SO,KitWoy,true,Kitaaba Woyyuu
2935,gax,"Oromo, Borana-Arsi-Guji",ET;KE;SO,BOR,true,KITAABA WAAQA
2943,gax,"Oromo, Borana-Arsi-Guji",ET;KE;SO,BOR,true,KITAABA WAAQA KA KITAABA DEUTAROKANONIKOL/ APOKRIFA QABU
3175,gax,"Oromo, Borana-Arsi-Guji",ET;KE;SO,KakHaa,true,Kakuu Haaraaka
3176,gax,"Oromo, Borana-Arsi-Guji",ET;KE;SO,GAXNT,true,Guji Oromo New Testament 2007
4125,gax,"Oromo, Borana-Arsi-Guji",ET;KE;SO,guj,true,KITAABA WOYYICHA
4009,kwm,Oshikwambi,NA,KWM,true,Etestemente Epe ✠ 1951
3998,uta,Otank,NG,UTA,true,Itang
3403,otr,Otoro,SD,OTR1966,true,ŋuɽun ŋun ŋiya ŋun ŋikaiilo elo 1966
2154,lot,Otuho,SS;UG,EA2003,true,Ecorit Aŋejuk 2003
3842,lot,Otuho,SS;UG,LOT1969,true,Ecorit Aŋejuk 1969
4135,oyd,Oyda,ET,OydaNTL,true,Oyda New Testament
4136,oyd,Oyda,ET,OydaNTE,true,ኦይዳ አዲስ ኪዳን
1978,sig,Paasaal,GH,sigDBLnt,true,Wɩɩsɩ Nyʋʋfalɩɩ Teŋ (Ghana)
3333,pnz,Pana,CF;CM;NG;TD,pnz,true,Bélaɓay a Gáŋvbôn
1237,pfe,Peere,CM;NG,PNT,true,Pere New Testament
4395,ppp,Pelende,CD,PPP,true,Buku di Santu
2516,pcm,"Pidgin, Nigerian",NG,pcm,true,Holy Bible Nigerian Pidgin English
2159,pny,Pinyin,CM,pny,true,Pinyin
1518,ktj,Plapo Krumen,CI;LR,ktj,true,NYƖSƲA A ꞊HAANTITIE
944,poy,Pogolo,TZ,PBV,true,Lipatanu Lya Syayi Kwa Wantu Woseri
4530,poy,Pogolo,TZ,PBV,true,Lipatanu Lya Syayi Kwa Wantu Woseri
2222,pkb,Pokomo,KE,pkb,true,Pokomo
1515,kvj,Psikye,CM;NG,BEK12,true,Ghena ta Shala
2638,kvj,Psikye,CM;NG,BEKDC12,true,Ghena ta Shala
1798,fuf,Pular,GN;GW;ML;SL;SN,VPFJ,true,Version Pular Fuuta-Jallon
3415,puu,Punu (Ipounou),CG;GA,PUU1992,true,La Sainte Bible en Langue Yipunu
3939,puu,Punu (Ipounou),CG;GA,PUNNT,true,Punu NT
3304,lme,Pévé,CM;TD,KMN,true,Kawvun mə Mbrew kə Nyeme
2884,pko,Pökoot,KE;UG,PIPÏLIA,true,PIPÏLIA
2277,rel,Rendille,KE,rel,true,Wori Haaggane Yeesso Kiriisto Miinsan Ayyinti Husube Waakh Enenyet Igooche
3636,cla,Ron,NG,AlisIRonNT,true,Findel i DeeƁwe Ti Alis i Ron
2890,rng,Ronga,MZ;ZA,NTX2007,true,Testamente Ledrimpswha ni Mapsalma
2944,run,Rundi,BI;CD;RW;TZ;UG,RUN1967,true,"Bibliya Yera 1951, 1967 (Burundi)"
3264,run,Rundi,BI;CD;RW;TZ;UG,BKC,true,Bibiliya mu Kirundi coroshe
4577,ruc,Ruuli,UG,RUULI-NYALA,true,Ebitabo abiri n'ebitaanu ebya mu Ndagaano Egiyaaka omu Ruruuli-Runyala
3047,rwk,Rwa,TZ,RWK72,true,MMA SHIYYA
351,kin,Rwandan,BI;CD;RW;TZ;UG,BYSB,true,Bibiliya Yera
387,kin,Rwandan,BI;CD;RW;TZ;UG,BIRD,true,Bibiliya Ijambo ry'imana D
395,kin,Rwandan,BI;CD;RW;TZ;UG,BIR,true,Bibiliya Ijambo ry'imana
430,kin,Rwandan,BI;CD;RW;TZ;UG,KBNT,true,Kinyarwanda Bibiliya Ntagatifu
4638,kin,Rwandan,BI;CD;RW;TZ;UG,Ruf,true,Iseezerano Rishya
2443,sav,Saafi-Saafi,SN,YM,true,Yegɗohiŋ Muci
2365,lsm,Saamia,KE;UG,SAMIA,true,EBBAIBBO EMBOOSI YA NASAAE
2366,lsm,Saamia,KE;UG,SAMDC,true,EBBAIBBO EMBOOSI YA NASAAE EYIRIMO EBITABO BILAANGWA DEUTEROKANONIKO
4396,saa,Saba,TD,KnW,true,Kitap na Wassa
3462,sbk,Safwa,TZ,SBK,true,Ilagano Ipya
4632,sbm,Sagala,TZ,SBV,true,Sagala
3618,tga,Sagalla,KE,SAGALLANT,true,UVORO GHWALOLI KWA WANDU WOSE
3917,ssy,Saho,ER;ET,SCC,true,Saaho Cusub Cahde
4497,shq,Sala,ZM,STP,true,Sala Translation Project
1118,ndi,Samba Leko,CM;NG,SLNT98,true,Núúboòd Gú'dúgke Puu Sambə́ Nwɔŋú bìá
3000,saq,Samburu,KE,saq,true,Samburu
3059,sbd,"Samo, Southern",BF,SBPE2011,true,LAWA A BOO SONBORE 2011
3315,sbd,"Samo, Southern",BF,SCE2013,true,LAWA A BOO SONBORE
3433,xsn,Sanga,NG,XSN,true,Luka
1285,sag,Sango,CD;CF;CG;TD,MNF2010,true,Mbeti ti Nzapa - Tënë so amu fini
2815,sbp,Sangu,TZ,Shisangu,true,IShiyanso nu Lufingo uLupya
3604,snq,Sangu,GA,SNQ,true,Sangu: Isangu (snq) NT
1555,msc,Sankaran Maninka,GN;SL,AKS,true,Alla la Kitabu Seniman
445,mwm,Sar,TD,SARDC,true,Bibəl ta Sar̄
446,mwm,Sar,TD,BS,true,Bible sar
3834,asj,Sari,CM,asj,true,Sari
4315,kdg,Seba,CD;ZM,KDG,true,Ikitabo Kitakatifu Seba
3203,sgw,Sebat Bet Gurage,ET,መቅጉ,true,መጣፍ ቅዱስ በጉራጌኛ
2710,sfw,Sehwi,CI;GH,EBP,true,AHYERƐLƐ KRONGRON
4630,sfw,Sehwi,CI;GH,SNT,true,New Testament Bible
1773,lip,Sekpele,GH,LIP,true,Onanto Eto Kakle Fɔfɔ Sɛkpɛle
1796,snw,Selee,GH,snw,true,Selee
4728,snw,Selee,GH,SNW,true,Selee Old Testament
1378,seh,Sena,MW;MZ,sehNT,true,Cibverano Cipsa
2932,seh,Sena,MW;MZ,SEHMAT,true,Mattheo 1911 (Evangelho de S. Mattheus - XiPuthshu)
2933,seh,Sena,MW;MZ,CCHNT13,true,Cibverano Cipsa Cisena 2013
2973,swk,Sena (Malawi),MW;MZ,SenaMw,true,Sena
3751,srr,Serer (Senegal),GM;SN,SRR23,true,NQAARIIT NE ROOG
1053,crs,Seselwa Creole French,SC,BSK,true,Labib An Kreol Seselwa
1054,crs,Seselwa Creole French,SC,BSK,true,Labib An Kreol Seselwa
185,tsn,Setswana,BW;NA;ZA;ZM;ZW,TSW70,true,Setswana 1970
278,tsn,Setswana,BW;NA;ZA;ZM;ZW,TSW08NO,true,BAEBELE e e Boitshepo
1615,tsn,Setswana,BW;NA;ZA;ZM;ZW,LEF,true,Lefoko: La Botshelo Kgolagano e Ntsha
2608,tsn,Setswana,BW;NA;ZA;ZM;ZW,TSN1890,true,Bibela ea Boitsépho 1890 (Sechuana Tlhaping - Moffatt Bible)
3912,tsn,Setswana,BW;NA;ZA;ZM;ZW,CTWB24,true,Contemporary Tswana Bible 2024
4499,sqa,Shama-Sambuga,NG,UAA,true,Shamang New Testament
1811,ksb,Shambala,TZ,KISHNT05,true,Kishambala New Testament 2005
4471,ksb,Shambala,TZ,SHBV,true,Kishambaa
2131,shj,Shatt,SD,SHJ,true,Sorunu Kaläg na Ikä Caning
3179,moy,Shekkacho,ET,ShekAW,true,Shekki-noone Andira Wogo
2617,bun,Sherbro,SL,BUN1839,true,Sherbro Parables in Matthew and Luke 1839
2821,bun,Sherbro,SL,SNT,true,Sherbro New Testament Portions
3953,shr,Shi,BI;CD;RW,MKB,true,BIBLIYA NTAGATIFU OMU MASHI
2156,shk,Shilluk,SD;SS,shkDCB,true,WÄNYI KWËRØ 2011
32,sna,Shona,BW;ZA;ZM;ZW,BDSC,true,Bhaibheri Dzvene MuChiShona Chanhasi
1931,sna,Shona,BW;ZA;ZM;ZW,SUB1949,true,Baiberi Magwaro Matȿene aMŋari 1949 (Doke)
1960,sna,Shona,BW;ZA;ZM;ZW,SNA2002,true,"Shona Bible 1949, revised 2002"
2245,sna,Shona,BW;ZA;ZM;ZW,SCLBC,true,Bhaibhiri Idzva rechiShona rine Dhuterokanonika
2248,sna,Shona,BW;ZA;ZM;ZW,SCLBD,true,Bhaibhiri Idzva rechiShona rine Dhuterokanonika
2262,sna,Shona,BW;ZA;ZM;ZW,SCLB,true,Bhaibhiri Idzva rechiShona
4046,sna,Shona,BW;ZA;ZM;ZW,SUB,true,Shona BIBLE
4498,sna,Shona,BW;ZA;ZM;ZW,KBT,true,KoreKore Bible Translation
4448,bcv,Shoo-Minda-Nye,NG,BLP,true,BANDAWA LANGUAGE PROJECT
3204,sid,Sidamo,ET,QulMax,true,Qullaawa Maxaafa
2553,sil,"Sisaala, Tumulung",GH,SIS,true,WƖA TENIŊ
1738,akp,Siwu,GH,akp,true,Siwu
4726,akp,Siwu,GH,AKP,true,Siwu Old Testament
1256,xog,Soga,UG,Sog,true,Baibuli Ekibono kya Katonda 2014
2447,sby,Soli,ZM,SBT,true,Soli New Testament
87,som,Somali,DJ;ET;KE;SO,SOM08,true,Kitaabka Quduuska Ah
2934,som,Somali,DJ;ET;KE;SO,SOMBIBLE,true,KITAABKA QUDUUSKA AH
3904,som,Somali,DJ;ET;KE;SO,SOM,true,"Marko 1915, Yohana 1929 (Ogaden-Harti Somali)"
4029,som,Somali,DJ;ET;KE;SO,EI,true,Ereyga Illaahey Axdiga Cusub
2630,sor,Somrai,TD,sor,true,Maktubu dɨnə Mãr̰ĩduwa gɨ bii gɨ chibne
1494,sop,Songe,CD,NTLK52,true,KILOMBENO KIHYA KIA NFUMWETU YESU KIDISITU
4330,soo,Songo,CD,SOO,true,Bibiliya la Santu
4571,sod,Songoora,CD,sod,true,Songola Traduction
124,nso,"Sotho, Northern",BW;ZA,NSO51,true,BIBELE
256,nso,"Sotho, Northern",BW;ZA,NSO00,true,BIBELE Taba yea Botse
3854,nso,"Sotho, Northern",BW;ZA,CSEB24,true,Contemporary Sepedi Nothern Sotho Bible 2024
2822,dib,South Central Dinka,SS,CIEC1916,true,Wel puat̤ ci Mak ke gor 1916
2945,dib,South Central Dinka,SS,CIEC1905,true,Uet-Apuaté Etong Luka 1905
550,giz,South Giziga,CM,BEGDC,true,Bible en langue guiziga
450,nbl,South Ndebele,ZA,SND12,true,IsiNdebele 2012 Translation
2148,biv,Southern Birifor,BF;CI;GH,BIV,true,"A Nãaŋmɩn Nɛtɩr Oaalaa Gãn, Bɩrfʊɔr"
4695,biv,Southern Birifor,BF;CI;GH,BIV,true,Birifor Bible
2268,dga,Southern Dagaare,BF;GH,DNTTP,true,Naaŋmen Nɔpaalaa Gane
4573,dga,Southern Dagaare,BF;GH,DGA,true,Naaŋmen Yelbiri Gane
2241,kss,Southern Kisi,GN;LR;SL,YM,true,Yāu̍ Mɛ̄lɛ̄ka̍a̍
1808,nnw,Southern Nuni,BF;GH,nnw,true,"Nuni, Southern"
273,sot,Southern Sotho,LS;ZA,SSO61-SO,true,Sesotho 1909/1961 (SO)
274,sot,Southern Sotho,LS;ZA,SSO89SO,true,BIBELE
3601,sot,Southern Sotho,LS;ZA,SothoNT,true,Baasraak Sotho NT
3845,sot,Southern Sotho,LS;ZA,CSOB24,true,Contemporary Southern Sotho Bible 2024
1311,wib,Southern Toussian,BF;CI,wibDBL,true,wib Nouveau Testament en toussian
484,sxb,Suba,KE;TZ;UG,sxb,true,Endagano Empia
2997,ssc,Suba-Simbiti,TZ,ssc,true,Imuuma Eehya
1512,suk,Sukuma,TZ,SNT00,true,Sukuma New Testament 2000
1517,suk,Sukuma,TZ,SUKBI15,true,Bibilia Ilagano Lya Kale 2015
2684,suk,Sukuma,TZ,SUK60,true,Ilagano Ipya Lya
1145,spp,Supyire Senoufo,BF;CI;ML,spp,true,"Senoufo, Supyire"
3659,suq,Suri,ET;SS,SUQ,true,Suri Latin
1379,sus,Susu (Arabic Script),GN;GW;SL;SN,Soso,true,سٌسٌ كِتَابُييٍ؛ تَوُرٍتَ، يَبُرَ، عِنيِلَ
893,sus,Susu (Roman script),GN;GW;SL;SN,Soso,true,"Soso Kitaabuie: Tawureta, Yabura, Inyila"
2066,sus,Susu (Roman script),GN;GW;SL;SN,SUS1816,true,Lingjili Matthew ki nache 1816
74,swh,Swahili,BI;KE;MZ;RW;SO;TZ;UG,BHN,true,Biblia Habari Njema
164,swh,Swahili,BI;KE;MZ;RW;SO;TZ;UG,SUV,true,Maandiko Matakatifu ya Mungu Yaitwayo Biblia
393,swh,Swahili,BI;KE;MZ;RW;SO;TZ;UG,BHND,true,Biblia Habari Njema
1627,swh,Swahili,BI;KE;MZ;RW;SO;TZ;UG,NEN,true,Neno
1817,swh,Swahili,BI;KE;MZ;RW;SO;TZ;UG,SRUVDC,true,Swahili Revised Union Version
1818,swh,Swahili,BI;KE;MZ;RW;SO;TZ;UG,SRUV,true,Swahili Revised Union Version
2144,swh,Swahili,BI;KE;MZ;RW;SO;TZ;UG,BHNTLK,true,Biblia Habari Njema: Toleo la Kujifunza
2484,swh,Swahili,BI;KE;MZ;RW;SO;TZ;UG,TKU,true,Agano Jipya: Tafsiri ya Kusoma-Kwa-Urahisi
2936,swh,Swahili,BI;KE;MZ;RW;SO;TZ;UG,SCLDC10,true,BIBLIA Yenye Vitabu vya Deuterokanoni HABARI NJEMA
2937,swh,Swahili,BI;KE;MZ;RW;SO;TZ;UG,RSUVDC,true,BIBLIA KISWAHILI
3048,swh,Swahili,BI;KE;MZ;RW;SO;TZ;UG,SWZZB1921,true,New Testament in Swahili (Zanzibar) Revised Edition 1921
3049,swh,Swahili,BI;KE;MZ;RW;SO;TZ;UG,SRB37,true,Swahili Roehl Bible 1937
4369,swh,Swahili,BI;KE;MZ;RW;SO;TZ;UG,NENO,true,Neno: Maandiko Matakatifu 2024
604,ssw,Swazi,LS;MZ;SZ;ZA,SWT,true,Siswati 1996 Bible
3032,sef,"Sénoufo, Cebaara",BF;CI;ML,CB10,true,Cebaara Bible 2010
2990,sev,"Sénoufo, Nyarafolo",CI,sev,true,"Sénoufo, Nyarafolo"
3033,tgw,"Sénoufo, Tagwana",CI,NLK10,true,NYƐʔƐLƐ LI KÀYORO
4387,tap,Taabwa,CD;ZM,KBTP,true,Kitaabua New Testament
3070,tcd,Tafi,GH,tcd,true,ONUGBÙ NYƐNYÃ VUVƆ
2138,dav,Taita,KE;TZ,TAITA,true,Biblia Ilagho Jiboie Kwa Wandu Wose
1426,tke,Takwane,MW;MZ,tke,true,Takwane
1797,tlj,Talinga-Bwisi,CD;UG,TLJ,true,Ndaghaano Mpyaka Mu Lubwisi
4129,tlj,Talinga-Bwisi,CD;UG,Lubwisi,true,Ndaghaano Mpyaka na bimui haa Bitabo byꞌomu Ndaghaano Nkulu mu Lubwisi
1144,taq,Tamasheq,BF;ML,taq,true,Tamasheq
1804,tpm,Tampulma,GH,tpmNT,true,Tampulma
3241,tan,Tangale,NG,TANGALE,true,Tangale Bible Portions 1920-28
2807,rif,Tarifit,DZ;ES;MA,RIF,true,Ṯarifiṯ 2020
3113,rif,Tarifit,DZ;ES;MA,ريف,true,ثريفيث 2020
3983,yer,Tarok,NG,YER,true,Tarok Bible
3161,shi,Tashelhayt,DZ;MA,SHILNT10,true,aåaras n-tudrt - injil l-lmasiæ - løhd l-ljdid lli-iskr rbbi å-gras d-bnadm
3162,shi,Tashelhayt,DZ;MA,SHILOT20,true,ssfjjijat f-mddn-inu - arratn imñlayn zå-løhd aqdim lli-iskr rbbi å-gras d-mddn-ns
4058,shi,Tashelhayt,DZ;MA,SHINT10,true,اغاراس ن-تودرت - ءينجيل لّماسيح - لعهد لّجديد لّي-يسكر ربّي غ-گراس د-بنادم
3353,tvs,Taveta,KE;TZ,TAVETA,true,"Sumu Yedi ya Isa Masiya 1906, Kitamo 1897, Malumbo 1905"
3477,teg,Teke-Tege,CG;GA,teg,true,Tege Kiwoyeti (teg) NT Portions
4276,tyx,Teke-Tyee,CG,txy TEC,true,Nsia yi Mbwe
1384,kdh,Tem,BJ;GH;TG,TEM,true,Ɩsɔ́ɔ-dɛ́ɛ Tɔ́m Tákaraɖá
3997,tbt,Tembo,CD,tbt,true,Echilaano Chiyayaya
2576,tex,Tennet,SS,tex,true,Tennet
1317,ted,Tepo Krumen,CI;LR,ted,true,Le Nouveau Testament en langue kroumen tépo
2346,ttr,Tera,NG,ttrNT,true,Mewar Alqawarang
436,teo,Teso,KE;UG,AOV1961,true,Ebaibuli
2938,teo,Teso,KE;UG,TESOP,true,AKITUTUKET NAKITETET (NEPEPEKA ISABULIN KA AWARAGASIA)
2685,tll,Tetela,CD,TLL,true,La Bible en Otetela (Bible K'Ekila) 1991
2206,thk,Tharaka,KE,thk,true,Kîrîîkanîro Kîîyerû
4034,lth,Thur,UG,THUR,true,Buke mökö kï ï Cïk na Cön ëka kï ï Cïk na Nyen
1989,nza,Tigon Mbembe,CM;NG,nzaDBLnt,true,Srakàda Mbɔchù Epokwre
2998,tir,Tigrinya,DJ;ER;ET;SD,ትመ15,true,መፅሓፍ ቅዱስ
3988,tir,Tigrinya,DJ;ER;ET;SD,TIG24,true,Tigrigna:  Contemporary Tigrinya Bible 2024
2952,tem,Timne,GN;SL,TMNNT,true,Ȧŋlemrȧnɛ Ȧfu
2575,tiv,Tiv,CM;NG,TOBNR,true,ICIGHAN BIBILO
3379,tyy,Tiyaa,NG,(Boi) Tiyaa,true,Boi (Tiyaa) NT Portions
1380,tod,Toma,GN;LR,GDZ,true,GALA Daawoo Zɛʋɛi
2974,tog,Tonga (Nyasa),MW,TongaMw,true,Tonga Bible 1986
4664,tog,Tonga (Nyasa),MW,CCTL,true,Cizumano Cipya mu Chitoka-Leya
984,toi,Tonga (Zambia),NA;ZM;ZW,Ibbaib63,true,Ibbaibele 1963
2956,toi,Tonga (Zambia),NA;ZM;ZW,Tonga96,true,Bbaibele
4503,toi,Tonga (Zambia),NA;ZM;ZW,TTP,true,Tonga Translation Project
4504,ttl,Totela,NA;ZM,TBTP,true,Totela
3242,tsa,Tsaangi,CG;GA,TSA,true,Nzuhisini yi Nyatihi
426,kdl,Tsikimba,NG,kdlDBL,true,Tsikimba New Testament
4316,kdl,Tsikimba,NG,KDL,true,Tsikimba OT
429,tsw,Tsishingini,NG,tswNT,true,Tsishingini
4331,tsw,Tsishingini,NG,TSW,true,Tsishingini (tsw) OT
3924,tsv,Tsogo,GA,TSV,true,New Testament in Mitsogo
184,tso,Tsonga,MZ;SZ;ZA;ZW,TSO89,true,BIBELE Mahungu Lamanene
418,tso,Tsonga,MZ;SZ;ZA;ZW,TSO89,true,BIBELE Mahungu Lamanene
607,tso,Tsonga,MZ;SZ;ZA;ZW,TSO29,true,Xitsonga (Bibele)
2939,tso,Tsonga,MZ;SZ;ZA;ZW,NTC2014,true,Testamente Leyimpsha Xichangana
3855,tso,Tsonga,MZ;SZ;ZA;ZW,CTSB24,true,Contemporary Tsonga Bible 2024
2928,lto,Tsotso,KE,LLLPRO,true,"IBIBILIA INDAKATIFU MU LUTIRICHI, LWITAKHO NENDE LWISUKHA"
2941,lto,Tsotso,KE,LLLCATHOLIC,true,"IBIBILIA INDAKATIFU MU LUTIRICHI, LWITAKHO NENDE LWISUKHA"
2902,tsc,Tswa,MZ;ZA;ZW,TSC72,true,Tshwa Bible
1309,ttq,Tuareg,BF;ML;NE;NG,TTQ,true,Ǝlinjil ǝn Ɣaysa Ǝlmǝsix
1321,ttq,Tuareg,BF;ML;NE;NG,TTQtg,true,ⵍⵍ ⵢⵙⴰ ⵍⵎⵙⵈ
2424,thv,Tuareg,DZ;LY;ML;NE;NG,thv,true,Awal n Messineɣ s Tamahaq
4514,bag,Tuki,CM,tii,true,Tuki
1920,tul,Tula,NG,Tula,true,Bwaki Kifwiyang
1961,tum,Tumbuka,MW;ZM,Tumbuka,true,New Tumbuka Bible
2623,tvu,Tunen,CM,tvu,true,Hɛtɔnyɛ́ Hiɔ́sɔ
892,tui,Tupuri,CM;TD,TUPB,true,Le Bible en Tupurri
3691,tui,Tupuri,CM;TD,TUP,true,Tupuri Bible
2657,tuv,Turkana,ET;KE;SS;UG,ABIBILIA,true,ABIBILIA NGAKIRO NAAJOKAK
1752,bov,Tuwuli,GH,bov,true,Tuwuli
1461,twi,Twi,,ASWDC,true,Twerɛ Kronkron
1631,twi,Twi,,AKNA,true,Akuapem Twi Nkwa Asɛm
1861,twi,Twi,,ASW,true,New Revised Asante Twi Bible
3439,twi,Twi,,ATWDB,true,KYERƐW KRONKRON
3440,twi,Twi,,RATB,true,KYERƐW KRONKRON
1921,kcg,Tyap,NG,TyapNT,true,A̠lyiat A̠gwaza na di̠n Tyap: A̠li̠ka̠uli A̠fai
917,udu,Uduk,ET;SD;SS,Udk,true,Uduk New Teatament and OT Portions
4307,ukq,Ukwa,NG,UKQ,true,Edisana Ŋwed Abasi Ukwa
2686,umb,Umbundu,AO;NA,EMB63,true,Embimbiliya - Bíblia Sagrada em Umbundu
2616,urh,Urhobo,NG,UBV77,true,BAIBOL ỌFUANFON NA RẸ ỌPHỌ RẸ AWANRE KUGBE ỌPHỌ ỌKPOKPỌ
3989,gel,ut-Ma’in,NG,UtMain,true,ut-Mai'n Scripture portions
1938,vag,Vagla,GH,vag,true,Vagla
2834,vai,Vai,LR;SL,ꕢꕌꔳ,true,ꕢꕌꔳ ꕺꖃ ꕯꕮꕊ
2994,mlr,Vame,CM,mlr,true,Vame
280,ven,Venda,BW;ZA;ZW,VEN98,true,BIVHILI KHETHWA Mafhungo Madifha
1742,bav,Vengo,CM,bav,true,Vengo (Babungo)
4566,ver,Verre,CM;NG,ver,true,KOBO BIBLE TRANSLATION
1221,vid,Vidunda,TZ,Chividunda,true,Ilagano Linyale kwa Wanhu Weng'ha na Ilagano lya Katali kuli Chividunda
2987,vif,Vili,AO;CG;GA,NTVIL,true,N’KANGULU WUMOONË
1812,vun,Vunjo,KE;TZ,KIVNT99,true,Kivunjo New Testament 1999
887,vut,Vute,CM;NG,NTV,true,Le Nouveau Testament en langue Vute
2395,wbi,Vwanji,TZ,wbi,true,ɄLʉfingo ʉLʉpia
4084,wja,Waja,NG,wja,true,Waja
2254,cou,Wamey,GN;SN,cou,true,Wamey
1788,mfi,Wandala,CM;NG,mfi,true,Wakita á Dadaamiya (wandala)
2656,lwg,Wanga,KE,OLUPR,true,IBIBILIA INDAKATIFU
2659,lwg,Wanga,KE,OLUDC,true,IBIBILIA INDAKATIFU DC
4574,lwg,Wanga,KE,OUV,true,IBIBULIA
4533,jub,Wannu,NG,WBTP,true,Afā Wanyɛnyɛ wu Nugé Wàpyóò
3641,wji,Warji,NG,WJI,true,Warji
3237,weh,Weh,CM,WEH,true,Kaa n Kəzə̀ n fəghə mə
3202,gaz,West Central Oromo,ET;SD,MacQul,true,Macaafa Qulqulluu Afaan Oromoo
3725,gaz,West Central Oromo,ET;SD,NOCV,true,ክታበ ቁልቁሉ፣ ሂካ አመያ ሃራ
4456,gaz,West Central Oromo,ET;SD,KQTAB,true,"Biblica® Katabbiiwwan Qulqulluu, Turjumaana Ammayyaa Banamaa 2024"
2949,lia,West-Central Limba,SL,LMBNT,true,Mȧyukunande Maŋama Maŋ
2435,krw,Western Krahn,CI;LR,KDNT,true,Ku̍o̍ Delee 1999
2380,fuh,Western Niger Fulfulde,BF;BJ;ML;NE;NG,FUH,true,"Fulfulde,  Niger West"
3205,wal,Wolaytta,ET,WOB,true,Wolaytta Bible
3448,wof,Wolof (Gambia),GM;SN,GWG,true,Linjil i Yesu Krista Suñu Borom bi 1907
3338,wol,Wolof (Senegal),GM;GW;ML;MR;SN,KY,true,Kàddug Yàlla
4633,wol,Wolof (Senegal),GM;GW;ML;MR;SN,TI,true,Téereb Injiil
2991,won,Wongo,CD,EJK2012,true,Rusang rusek rapunta
3478,wum,Wumbvu,CG;GA,WUM,true,Wumbu Kiwoyeti (wum) NT Portions
1940,wob,Wè Northern,CI,wob,true,Wè Northern
3182,xan,Xamtanga,ET,ኽምጣኣኪ,true,ኽምጣጘ ኣይር ኪዳን
281,xho,Xhosa,BW;LS;ZA,XHO75,true,IZIBHALO EZINGCWELE
282,xho,Xhosa,BW;LS;ZA,XHO96,true,IBHAYIBHILE
3526,xho,Xhosa,BW;LS;ZA,XHO1902A,true,"Incwadi Yeziba̔lo Ezingcwele 1864, 1902 (Xhosa Appleyard)"
3602,xho,Xhosa,BW;LS;ZA,CXB24,true,Contemporary Xhosa Bible 2024
3035,iyx,Yaka,CG,LLMI,true,Lilasina lilinyatii mu iyaa
3951,yaf,Yaka,AO;CD,YAF,true,Yaka NT
3079,yba,Yala,NG,YBASR,true,Ye̳ka Onīpīpē̳ Yī O̳wo̳
620,yal,Yalunka,GN;ML;SL;SN,Kitabuna,true,Kisin Kiraan Kitabuna
2992,yal,Yalunka,GN;ML;SL;SN,YAL,true,Yalunka Matthew 1907
1160,yam,Yamba,CM;NG,yam,true,Yamba
2257,yat,Yambeta,CM,yatDBL,true,Nɛsɔ́g nɛ́ Nɛwa
4521,yav,Yangben,CM,yav,true,Nikál Niikɔs
3929,yns,Yansi,CD,YNS,true,Bible Iyansi
1437,yao,Yao,MW;MZ;TZ;ZM,YAWO,true,Chiyawo Bible
2793,yao,Yao,MW;MZ;TZ;ZM,YBV,true,Lilangano lya Sambano
4122,yao,Yao,MW;MZ;TZ;ZM,YAO1880,true,Anjili Ja Mattayo 1880
938,yre,Yaouré,CI,yre,true,Yaouré
3238,ybb,Yemba,CM,ybb,true,Eka Eswhī
4131,jnj,Yemsa,ET,YemNTEth,true,ጋዶ ቴያ
4132,jnj,Yemsa,ET,YemsaNTL,true,Gaddo Teyya
3475,nzb,Yinzébi,CG;GA,NZB,true,Yinzebi NT Kiwoyeti
3564,gek,Yiwom,NG,GEK,true,Ywom NT Portions Luke
839,gud,Yocoboué Dida,CI,NTLD13,true,Le Nouveau Testament en langue Dida
1617,yom,Yombe,AO;CD;CG,YOM,true,"Nkanda Wu Moyo, Nguizani yimona ayi minkunga"
3928,yom,Yombe,AO;CD;CG,YOM-CD,true,Bible en Kiyombe
207,yor,Yoruba,BJ;NG,YCE,true,Yoruba Bible
911,yor,Yoruba,BJ;NG,BMYO,true,Bíbélì Mímọ́ ní Èdè Yorùbá Òde-Òní
2754,yor,Yoruba,BJ;NG,YBCV,true,Bibeli Mimọ
3771,zak,Zanaki,TZ,ZAK,true,Eriiragano Eriihya
2922,zne,Zande,CD;CF;SS,ZB1978,true,Ziazia kekeapai
4610,zne,Zande,CD;CF;SS,ZNE,true,Pazande Bible
2373,zaj,Zaramo / Zalamo,TZ,Kizalamo,true,Bibilia ya Kizalamo
2689,zaj,Zaramo / Zalamo,TZ,ZAM75,true,Lagano da Isambi
471,dhm,Zemba,AO;NA,DBNT,true,Etestamende Epe Moludhimba
1035,ziw,Zigula,TZ,ZiBT,true,Lagano hya
3489,zmb,Zimba,CD,ZMB,true,Zimba Nouveau Testament Portions
4227,zin,Zinza,TZ,ZIN,true,Endagano Eénsha omu Chiziinza
3153,gnd,Zulgo-Gemzek,CM,gnd,true,"Bible, Zulgo"
286,zul,Zulu,BW;LS;MZ;SZ;ZA,ZUL59,true,IBHAYIBHELI ELINGCWELE
3500,zul,Zulu,BW;LS;MZ;SZ;ZA,ZUL20,true,IsiZulu 2020
3603,zul,Zulu,BW;LS;MZ;SZ;ZA,ZuluNT,true,Baasraak Zulu New Testament Bible
3846,zul,Zulu,BW;LS;MZ;SZ;ZA,CZB24,true,Contemporary Zulu Bible 2024
1613,ewe,Éwé,GH;TG,AL,true,Agbenya La
2259,ewe,Éwé,GH;TG,EWERV,true,Biblia alo Ŋɔŋlɔ Kɔkɔe La Le Eʋegbe Me 1913
3306,ewe,Éwé,GH;TG,EB14,true,EƲEGBE BIBLIA
